datetime,open,high,low,close,volume
2026-04-03 09:00:00+09:00,47580.0,47610.0,47500.0,47500.0,18201
2026-04-03 09:05:00+09:00,47500.0,47610.0,47410.0,47450.0,116557
2026-04-03 09:10:00+09:00,47440.0,47580.0,47320.0,47560.0,127169
2026-04-03 09:15:00+09:00,47580.0,47580.0,47540.0,47540.0,4171
2026-04-03 09:40:00+09:00,47340.0,47650.0,47120.0,47250.0,892130
2026-04-03 09:45:00+09:00,47340.0,47650.0,47060.0,47080.0,68622
2026-04-03 09:50:00+09:00,47340.0,47650.0,47000.0,47000.0,26545
2026-04-03 09:55:00+09:00,46990.0,47220.0,46990.0,47220.0,1065826
2026-04-03 10:00:00+09:00,47230.0,47270.0,47170.0,47210.0,39720
2026-04-03 10:05:00+09:00,47190.0,47190.0,47080.0,47140.0,25242
2026-04-03 10:10:00+09:00,47130.0,47130.0,46910.0,46960.0,58704
2026-04-03 10:15:00+09:00,47030.0,47210.0,47000.0,47210.0,62981
2026-04-03 10:20:00+09:00,47220.0,47260.0,47160.0,47190.0,47849
2026-04-03 10:25:00+09:00,47220.0,47290.0,47220.0,47260.0,26391
2026-04-03 10:30:00+09:00,47250.0,47250.0,47130.0,47160.0,22976
2026-04-03 10:35:00+09:00,47150.0,47240.0,47150.0,47160.0,14829
2026-04-03 10:40:00+09:00,47150.0,47200.0,47140.0,47160.0,12214
2026-04-03 10:45:00+09:00,47180.0,47230.0,47140.0,47210.0,13075
2026-04-03 10:50:00+09:00,47200.0,47210.0,47160.0,47170.0,8283
2026-04-03 10:55:00+09:00,47210.0,47210.0,47070.0,47110.0,20969
2026-04-03 11:00:00+09:00,47090.0,47090.0,47040.0,47060.0,14517
2026-04-03 11:05:00+09:00,47040.0,47040.0,46980.0,47020.0,17347
2026-04-03 11:10:00+09:00,47080.0,47140.0,47070.0,47100.0,19018
2026-04-03 11:15:00+09:00,47060.0,47100.0,47050.0,47050.0,11871
2026-04-03 11:20:00+09:00,47070.0,47070.0,46980.0,46980.0,16543
2026-04-03 11:25:00+09:00,46950.0,46950.0,46810.0,46810.0,36046
2026-04-03 11:30:00+09:00,46810.0,46810.0,46810.0,46810.0,2380
2026-04-03 12:30:00+09:00,47010.0,47040.0,46980.0,47020.0,50690
2026-04-03 12:35:00+09:00,46990.0,46990.0,46860.0,46880.0,23209
2026-04-03 12:40:00+09:00,46800.0,46860.0,46780.0,46800.0,31286
2026-04-03 12:45:00+09:00,46780.0,46910.0,46780.0,46910.0,21267
2026-04-03 12:50:00+09:00,46980.0,46990.0,46900.0,46980.0,32135
2026-04-03 12:55:00+09:00,46940.0,46940.0,46930.0,46940.0,13412
2026-04-03 13:00:00+09:00,46950.0,46950.0,46950.0,46950.0,515
2026-04-03 13:05:00+09:00,46970.0,46970.0,46970.0,46970.0,14906
2026-04-03 13:10:00+09:00,47090.0,47090.0,47090.0,47090.0,30139
2026-04-03 13:15:00+09:00,47130.0,47130.0,47130.0,47130.0,27300
2026-04-03 13:20:00+09:00,47150.0,47150.0,47150.0,47150.0,34245
2026-04-03 13:25:00+09:00,47160.0,47160.0,47160.0,47160.0,22793
2026-04-03 13:30:00+09:00,47050.0,47050.0,47050.0,47050.0,28223
2026-04-03 13:35:00+09:00,47110.0,47110.0,47110.0,47110.0,15709
2026-04-03 13:40:00+09:00,46970.0,46970.0,46970.0,46970.0,15587
2026-04-03 13:45:00+09:00,47020.0,47020.0,47020.0,47020.0,1940976
2026-04-03 13:50:00+09:00,47060.0,47060.0,47060.0,47060.0,13060
2026-04-03 13:55:00+09:00,47050.0,47050.0,47050.0,47050.0,12260
2026-04-03 14:00:00+09:00,47070.0,47070.0,47070.0,47070.0,18979
2026-04-03 14:05:00+09:00,47130.0,47130.0,47130.0,47130.0,32352
2026-04-03 14:10:00+09:00,47120.0,47120.0,47120.0,47120.0,10095
2026-04-03 14:15:00+09:00,47080.0,47080.0,47080.0,47080.0,12994
2026-04-03 14:20:00+09:00,47000.0,47000.0,47000.0,47000.0,15748
2026-04-03 14:25:00+09:00,47070.0,47070.0,47070.0,47070.0,19161
2026-04-03 14:30:00+09:00,47130.0,47130.0,47130.0,47130.0,17923
2026-04-03 14:35:00+09:00,47150.0,47150.0,47150.0,47150.0,20434
2026-04-03 14:40:00+09:00,47160.0,47160.0,47160.0,47160.0,28135
2026-04-03 14:45:00+09:00,47160.0,47160.0,47160.0,47160.0,40776
2026-04-03 14:50:00+09:00,47190.0,47190.0,47190.0,47190.0,17208
2026-04-03 14:55:00+09:00,47140.0,47140.0,47140.0,47140.0,24550
2026-04-03 15:00:00+09:00,47170.0,47170.0,47170.0,47170.0,12225
2026-04-03 15:05:00+09:00,47180.0,47180.0,47180.0,47180.0,15717
2026-04-03 15:10:00+09:00,47210.0,47210.0,47210.0,47210.0,21048
2026-04-03 15:15:00+09:00,47190.0,47190.0,47190.0,47190.0,23248
2026-04-03 15:20:00+09:00,47240.0,47240.0,47240.0,47240.0,51779
2026-04-06 09:00:00+09:00,47220.0,47930.0,47210.0,47790.0,166992
2026-04-06 09:05:00+09:00,47790.0,47830.0,47640.0,47770.0,78719
2026-04-06 09:10:00+09:00,47770.0,47890.0,47720.0,47800.0,100392
2026-04-06 09:15:00+09:00,47790.0,47800.0,47610.0,47660.0,93115
2026-04-06 09:20:00+09:00,47660.0,47660.0,47330.0,47570.0,94726
2026-04-06 09:25:00+09:00,47570.0,47620.0,47430.0,47450.0,67676
2026-04-06 09:30:00+09:00,47450.0,47650.0,47440.0,47640.0,54403
2026-04-06 09:35:00+09:00,47640.0,47800.0,47620.0,47700.0,66364
2026-04-06 09:40:00+09:00,47690.0,47900.0,47690.0,47850.0,62824
2026-04-06 09:45:00+09:00,47850.0,47920.0,47750.0,47880.0,44340
2026-04-06 09:50:00+09:00,47880.0,48020.0,47840.0,47990.0,83081
2026-04-06 09:55:00+09:00,47980.0,48100.0,47980.0,48090.0,54259
2026-04-06 10:00:00+09:00,48090.0,48270.0,48090.0,48230.0,88548
2026-04-06 10:05:00+09:00,48230.0,48230.0,47990.0,48060.0,72062
2026-04-06 10:10:00+09:00,48060.0,48210.0,48060.0,48110.0,59627
2026-04-06 10:15:00+09:00,48110.0,48130.0,48010.0,48080.0,48759
2026-04-06 10:20:00+09:00,48080.0,48210.0,48030.0,48180.0,66928
2026-04-06 10:25:00+09:00,48180.0,48290.0,48150.0,48210.0,76894
2026-04-06 10:30:00+09:00,48210.0,48220.0,47990.0,48090.0,68650
2026-04-06 10:35:00+09:00,48090.0,48200.0,48080.0,48170.0,38838
2026-04-06 10:40:00+09:00,48170.0,48280.0,48120.0,48270.0,41044
2026-04-06 10:45:00+09:00,48260.0,48320.0,48070.0,48090.0,69465
2026-04-06 10:50:00+09:00,48090.0,48150.0,47980.0,47990.0,63230
2026-04-06 10:55:00+09:00,47990.0,48040.0,47930.0,48040.0,51612
2026-04-06 11:00:00+09:00,48030.0,48160.0,47980.0,48050.0,56509
2026-04-06 11:05:00+09:00,48050.0,48380.0,47990.0,48350.0,68182
2026-04-06 11:10:00+09:00,48350.0,48480.0,48270.0,48370.0,110887
2026-04-06 11:15:00+09:00,48370.0,48540.0,48350.0,48520.0,67488
2026-04-06 11:20:00+09:00,48530.0,48750.0,48500.0,48710.0,88339
2026-04-06 11:25:00+09:00,48720.0,48740.0,48660.0,48690.0,62627
2026-04-06 12:30:00+09:00,48710.0,48710.0,47920.0,48150.0,89382
2026-04-06 12:35:00+09:00,48150.0,48210.0,48080.0,48130.0,88113
2026-04-06 12:40:00+09:00,48130.0,48180.0,48000.0,48170.0,45264
2026-04-06 12:45:00+09:00,48170.0,48220.0,48100.0,48110.0,34188
2026-04-06 12:50:00+09:00,48110.0,48190.0,48080.0,48170.0,37015
2026-04-06 12:55:00+09:00,48170.0,48260.0,48150.0,48240.0,21162
2026-04-06 13:00:00+09:00,48240.0,48380.0,48220.0,48380.0,36240
2026-04-06 13:05:00+09:00,48380.0,48380.0,48240.0,48300.0,28221
2026-04-06 13:10:00+09:00,48300.0,48320.0,48190.0,48300.0,23446
2026-04-06 13:15:00+09:00,48310.0,48320.0,48230.0,48230.0,19979
2026-04-06 13:20:00+09:00,48230.0,48310.0,48230.0,48240.0,10385
2026-04-06 13:25:00+09:00,48240.0,48270.0,48210.0,48250.0,13919
2026-04-06 13:30:00+09:00,48250.0,48410.0,48220.0,48390.0,27492
2026-04-06 13:35:00+09:00,48370.0,48400.0,48350.0,48370.0,19537
2026-04-06 13:40:00+09:00,48370.0,48440.0,48340.0,48430.0,39058
2026-04-06 13:45:00+09:00,48430.0,48430.0,48350.0,48420.0,19127
2026-04-06 13:50:00+09:00,48420.0,48420.0,48360.0,48390.0,22312
2026-04-06 13:55:00+09:00,48390.0,48400.0,48330.0,48370.0,45137
2026-04-06 14:00:00+09:00,48370.0,48430.0,48360.0,48410.0,23928
2026-04-06 14:05:00+09:00,48400.0,48430.0,48350.0,48390.0,22673
2026-04-06 14:10:00+09:00,48400.0,48420.0,48300.0,48320.0,15955
2026-04-06 14:15:00+09:00,48330.0,48350.0,48300.0,48350.0,16720
2026-04-06 14:20:00+09:00,48350.0,48360.0,48240.0,48360.0,23840
2026-04-06 14:25:00+09:00,48360.0,48360.0,48240.0,48250.0,37154
2026-04-06 14:30:00+09:00,48250.0,48270.0,48140.0,48140.0,39396
2026-04-06 14:35:00+09:00,48140.0,48150.0,48070.0,48080.0,52569
2026-04-06 14:40:00+09:00,48090.0,48100.0,47950.0,47990.0,78914
2026-04-06 14:45:00+09:00,47990.0,48030.0,47830.0,47850.0,91101
2026-04-06 14:50:00+09:00,47850.0,47980.0,47840.0,47970.0,77725
2026-04-06 14:55:00+09:00,47970.0,47990.0,47900.0,47950.0,30132
2026-04-07 09:00:00+09:00,48055.0,48070.0,47860.0,48060.0,133719
2026-04-07 09:05:00+09:00,48060.0,48200.0,48040.0,48190.0,112247
2026-04-07 09:10:00+09:00,48210.0,48220.0,48090.0,48190.0,88893
2026-04-07 09:15:00+09:00,48200.0,48510.0,48200.0,48410.0,148388
2026-04-07 09:20:00+09:00,48400.0,48430.0,48250.0,48310.0,65577
2026-04-07 09:25:00+09:00,48330.0,48370.0,48180.0,48250.0,63554
2026-04-07 09:30:00+09:00,48260.0,48400.0,48250.0,48290.0,88205
2026-04-07 09:35:00+09:00,48290.0,48320.0,48210.0,48280.0,51591
2026-04-07 09:40:00+09:00,48290.0,48300.0,48150.0,48230.0,39888
2026-04-07 09:45:00+09:00,48230.0,48330.0,48210.0,48270.0,49129
2026-04-07 09:50:00+09:00,48270.0,48330.0,48170.0,48200.0,44079
2026-04-07 09:55:00+09:00,48190.0,48220.0,48020.0,48080.0,81764
2026-04-07 10:00:00+09:00,48070.0,48160.0,47850.0,48160.0,92661
2026-04-07 10:05:00+09:00,48160.0,48190.0,47960.0,47990.0,50310
2026-04-07 10:10:00+09:00,48000.0,48000.0,47760.0,47830.0,76012
2026-04-07 10:15:00+09:00,47830.0,48060.0,47790.0,48040.0,46287
2026-04-07 10:20:00+09:00,48040.0,48080.0,47950.0,47970.0,45664
2026-04-07 10:25:00+09:00,47970.0,48000.0,47870.0,47970.0,26164
2026-04-07 10:30:00+09:00,47970.0,47970.0,47870.0,47870.0,27813
2026-04-07 10:35:00+09:00,47880.0,47930.0,47560.0,47600.0,83524
2026-04-07 10:40:00+09:00,47590.0,47720.0,47580.0,47690.0,44244
2026-04-07 10:45:00+09:00,47700.0,47860.0,47690.0,47710.0,49489
2026-04-07 10:50:00+09:00,47710.0,47730.0,47410.0,47480.0,71747
2026-04-07 10:55:00+09:00,47490.0,47530.0,47330.0,47410.0,51249
2026-04-07 11:00:00+09:00,47400.0,47420.0,47280.0,47310.0,42805
2026-04-07 11:05:00+09:00,47320.0,47400.0,47220.0,47350.0,43975
2026-04-07 11:10:00+09:00,47350.0,47420.0,47210.0,47240.0,44030
2026-04-07 11:15:00+09:00,47230.0,47300.0,47230.0,47300.0,23513
2026-04-07 11:20:00+09:00,47300.0,47340.0,47220.0,47340.0,31379
2026-04-07 11:25:00+09:00,47330.0,47450.0,47280.0,47430.0,27604
2026-04-07 12:30:00+09:00,47400.0,47550.0,47350.0,47490.0,75317
2026-04-07 12:35:00+09:00,47490.0,47500.0,47400.0,47400.0,28407
2026-04-07 12:40:00+09:00,47400.0,47510.0,47390.0,47500.0,26275
2026-04-07 12:45:00+09:00,47490.0,47560.0,47460.0,47510.0,35676
2026-04-07 12:50:00+09:00,47500.0,47520.0,47440.0,47470.0,35285
2026-04-07 12:55:00+09:00,47470.0,47530.0,47420.0,47430.0,27946
2026-04-07 13:00:00+09:00,47430.0,47510.0,47350.0,47360.0,32713
2026-04-07 13:05:00+09:00,47360.0,47370.0,47270.0,47330.0,36928
2026-04-07 13:10:00+09:00,47320.0,47340.0,47150.0,47170.0,54312
2026-04-07 13:15:00+09:00,47180.0,47320.0,47180.0,47240.0,56736
2026-04-07 13:20:00+09:00,47240.0,47470.0,47230.0,47450.0,32608
2026-04-07 13:25:00+09:00,47460.0,47560.0,47430.0,47450.0,47008
2026-04-07 13:30:00+09:00,47450.0,47600.0,47450.0,47590.0,53636
2026-04-07 13:35:00+09:00,47600.0,47610.0,47520.0,47570.0,36341
2026-04-07 13:40:00+09:00,47560.0,47590.0,47530.0,47570.0,18515
2026-04-07 13:45:00+09:00,47570.0,47720.0,47560.0,47710.0,65854
2026-04-07 13:50:00+09:00,47710.0,47730.0,47580.0,47610.0,53903
2026-04-07 13:55:00+09:00,47610.0,47640.0,47520.0,47530.0,33331
2026-04-07 14:00:00+09:00,47550.0,47670.0,47510.0,47540.0,32977
2026-04-07 14:05:00+09:00,47530.0,47550.0,47450.0,47470.0,36820
2026-04-07 14:10:00+09:00,47470.0,47580.0,47450.0,47560.0,19793
2026-04-07 14:15:00+09:00,47560.0,47630.0,47550.0,47610.0,16843
2026-04-07 14:20:00+09:00,47610.0,47700.0,47570.0,47640.0,48337
2026-04-07 14:25:00+09:00,47650.0,47700.0,47510.0,47550.0,54031
2026-04-07 14:30:00+09:00,47550.0,47630.0,47500.0,47570.0,44107
2026-04-07 14:35:00+09:00,47570.0,47640.0,47550.0,47620.0,14314
2026-04-07 14:40:00+09:00,47620.0,47650.0,47570.0,47600.0,18166
2026-04-07 14:45:00+09:00,47600.0,47710.0,47600.0,47660.0,22593
2026-04-07 14:50:00+09:00,47690.0,47780.0,47650.0,47760.0,54411
2026-04-07 14:55:00+09:00,47760.0,47850.0,47750.0,47830.0,60956
2026-04-08 09:15:00+09:00,52190.0,52230.0,51910.0,51960.0,405569
2026-04-08 09:20:00+09:00,51950.0,52010.0,51770.0,51830.0,196478
2026-04-08 09:25:00+09:00,51820.0,52070.0,51800.0,51870.0,216077
2026-04-08 09:30:00+09:00,51900.0,51940.0,51610.0,51650.0,137971
2026-04-08 09:35:00+09:00,51640.0,51990.0,51530.0,51950.0,143783
2026-04-08 09:40:00+09:00,51940.0,51970.0,51660.0,51840.0,77368
2026-04-08 09:45:00+09:00,51830.0,52020.0,51780.0,51980.0,150119
2026-04-08 09:50:00+09:00,51990.0,52290.0,51970.0,52260.0,271646
2026-04-08 09:55:00+09:00,52270.0,52320.0,52070.0,52170.0,110457
2026-04-08 10:00:00+09:00,52170.0,52240.0,52080.0,52100.0,88763
2026-04-08 10:05:00+09:00,52100.0,52350.0,52100.0,52220.0,99812
2026-04-08 10:10:00+09:00,52240.0,52290.0,52120.0,52120.0,57950
2026-04-08 10:15:00+09:00,52120.0,52180.0,51930.0,51970.0,60669
2026-04-08 10:20:00+09:00,51970.0,52010.0,51790.0,51960.0,52523
2026-04-08 10:25:00+09:00,51990.0,52170.0,51960.0,52140.0,70816
2026-04-08 10:30:00+09:00,52130.0,52240.0,52000.0,52240.0,70431
2026-04-08 10:35:00+09:00,52230.0,52380.0,52180.0,52360.0,105737
2026-04-08 10:40:00+09:00,52350.0,52430.0,52310.0,52420.0,72817
2026-04-08 10:45:00+09:00,52410.0,52610.0,52410.0,52600.0,133535
2026-04-08 10:50:00+09:00,52590.0,52670.0,52460.0,52520.0,86924
2026-04-08 10:55:00+09:00,52510.0,52650.0,52500.0,52650.0,69377
2026-04-08 11:00:00+09:00,52640.0,52790.0,52630.0,52730.0,89198
2026-04-08 11:05:00+09:00,52730.0,52790.0,52670.0,52700.0,32629
2026-04-08 11:10:00+09:00,52700.0,52730.0,52610.0,52640.0,32324
2026-04-08 11:15:00+09:00,52640.0,52660.0,52430.0,52470.0,40826
2026-04-08 11:20:00+09:00,52450.0,52560.0,52420.0,52490.0,33468
2026-04-08 11:25:00+09:00,52490.0,52510.0,52350.0,52350.0,41164
2026-04-08 11:30:00+09:00,52350.0,52350.0,52350.0,52350.0,20
2026-04-08 12:30:00+09:00,52410.0,52560.0,52400.0,52470.0,73552
2026-04-08 12:35:00+09:00,52470.0,52570.0,52470.0,52510.0,48243
2026-04-08 12:40:00+09:00,52500.0,52590.0,52480.0,52550.0,42414
2026-04-08 12:45:00+09:00,52550.0,52560.0,52410.0,52480.0,39207
2026-04-08 12:50:00+09:00,52480.0,52520.0,52370.0,52460.0,39461
2026-04-08 12:55:00+09:00,52460.0,52460.0,52340.0,52380.0,43154
2026-04-08 13:00:00+09:00,52380.0,52500.0,52380.0,52490.0,36824
2026-04-08 13:05:00+09:00,52470.0,52630.0,52430.0,52600.0,72371
2026-04-08 13:10:00+09:00,52600.0,52670.0,52540.0,52650.0,36637
2026-04-08 13:15:00+09:00,52650.0,52740.0,52570.0,52640.0,59255
2026-04-08 13:20:00+09:00,52640.0,52690.0,52610.0,52610.0,28948
2026-04-08 13:25:00+09:00,52610.0,52690.0,52600.0,52670.0,17897
2026-04-08 13:30:00+09:00,52680.0,52770.0,52680.0,52750.0,57308
2026-04-08 13:35:00+09:00,52760.0,52880.0,52740.0,52830.0,128234
2026-04-08 13:40:00+09:00,52810.0,52820.0,52740.0,52770.0,33140
2026-04-08 13:45:00+09:00,52780.0,52790.0,52750.0,52760.0,21829
2026-04-08 13:50:00+09:00,52760.0,52790.0,52690.0,52750.0,27568
2026-04-08 13:55:00+09:00,52760.0,52820.0,52740.0,52780.0,37674
2026-04-08 14:00:00+09:00,52780.0,52810.0,52620.0,52670.0,39878
2026-04-08 14:05:00+09:00,52680.0,52710.0,52520.0,52540.0,59324
2026-04-08 14:10:00+09:00,52540.0,52610.0,52520.0,52570.0,31673
2026-04-08 14:15:00+09:00,52570.0,52710.0,52570.0,52680.0,34696
2026-04-08 14:20:00+09:00,52690.0,52760.0,52670.0,52730.0,29969
2026-04-08 14:25:00+09:00,52730.0,52770.0,52640.0,52750.0,36286
2026-04-08 14:30:00+09:00,52750.0,52890.0,52720.0,52800.0,75588
2026-04-08 14:35:00+09:00,52800.0,52830.0,52730.0,52770.0,33144
2026-04-08 14:40:00+09:00,52770.0,52910.0,52760.0,52890.0,90233
2026-04-08 14:45:00+09:00,52890.0,52990.0,52850.0,52880.0,81212
2026-04-08 14:50:00+09:00,52880.0,52990.0,52870.0,52970.0,54379
2026-04-08 14:55:00+09:00,52970.0,53020.0,52930.0,52950.0,113387
2026-04-09 08:25:00+09:00,53555.0,53555.0,53545.0,53545.0,0
2026-04-09 08:30:00+09:00,53545.0,53545.0,53545.0,53545.0,0
2026-04-09 08:35:00+09:00,53515.0,53525.0,53505.0,53515.0,0
2026-04-09 08:40:00+09:00,53515.0,53515.0,53455.0,53455.0,0
2026-04-09 08:45:00+09:00,53455.0,53455.0,53305.0,53305.0,0
2026-04-09 08:50:00+09:00,53305.0,53305.0,53055.0,53085.0,0
2026-04-09 08:55:00+09:00,53085.0,53085.0,52795.0,52845.0,0
2026-04-09 09:00:00+09:00,52845.0,52870.0,52330.0,52350.0,157936
2026-04-09 09:05:00+09:00,52360.0,52590.0,52360.0,52520.0,125269
2026-04-09 09:10:00+09:00,52520.0,52860.0,52520.0,52820.0,123465
2026-04-09 09:15:00+09:00,52830.0,52980.0,52760.0,52900.0,135198
2026-04-09 09:20:00+09:00,52890.0,52960.0,52790.0,52830.0,88566
2026-04-09 09:25:00+09:00,52820.0,52850.0,52530.0,52540.0,103390
2026-04-09 09:30:00+09:00,52530.0,52740.0,52380.0,52460.0,130389
2026-04-09 09:35:00+09:00,52460.0,52470.0,52330.0,52410.0,109404
2026-04-09 09:40:00+09:00,52430.0,52530.0,52370.0,52370.0,86253
2026-04-09 09:45:00+09:00,52370.0,52400.0,52210.0,52390.0,115139
2026-04-09 09:50:00+09:00,52380.0,52450.0,52220.0,52270.0,85627
2026-04-09 09:55:00+09:00,52270.0,52280.0,52180.0,52220.0,85898
2026-04-09 10:00:00+09:00,52230.0,52350.0,52120.0,52170.0,71208
2026-04-09 10:05:00+09:00,52190.0,52310.0,52080.0,52280.0,58137
2026-04-09 10:10:00+09:00,52290.0,52310.0,52140.0,52170.0,41751
2026-04-09 10:15:00+09:00,52160.0,52250.0,52050.0,52190.0,58819
2026-04-09 10:20:00+09:00,52190.0,52230.0,52000.0,52090.0,70247
2026-04-09 10:25:00+09:00,52090.0,52170.0,51990.0,52020.0,85750
2026-04-09 10:30:00+09:00,52020.0,52240.0,51920.0,52220.0,86259
2026-04-09 10:35:00+09:00,52200.0,52230.0,52060.0,52070.0,73420
2026-04-09 10:40:00+09:00,52060.0,52130.0,51980.0,52050.0,42884
2026-04-09 10:45:00+09:00,52050.0,52130.0,52020.0,52120.0,27346
2026-04-09 10:50:00+09:00,52120.0,52330.0,52120.0,52280.0,77720
2026-04-09 10:55:00+09:00,52290.0,52300.0,52160.0,52300.0,34398
2026-04-09 11:00:00+09:00,52300.0,52390.0,52230.0,52260.0,52410
2026-04-09 11:05:00+09:00,52260.0,52380.0,52230.0,52260.0,27342
2026-04-09 11:10:00+09:00,52260.0,52280.0,52170.0,52250.0,19285
2026-04-09 11:15:00+09:00,52250.0,52370.0,52200.0,52360.0,23011
2026-04-09 11:20:00+09:00,52360.0,52370.0,52210.0,52230.0,18659
2026-04-09 11:25:00+09:00,52230.0,52260.0,52180.0,52210.0,46339
2026-04-09 12:30:00+09:00,52210.0,52250.0,52000.0,52170.0,48447
2026-04-09 12:35:00+09:00,52170.0,52200.0,52000.0,52020.0,33021
2026-04-09 12:40:00+09:00,52020.0,52120.0,52010.0,52100.0,24405
2026-04-09 12:45:00+09:00,52110.0,52110.0,51940.0,52000.0,49049
2026-04-09 12:50:00+09:00,52020.0,52060.0,51960.0,51960.0,20724
2026-04-09 12:55:00+09:00,51960.0,52040.0,51880.0,51910.0,43449
2026-04-09 13:00:00+09:00,51910.0,51980.0,51860.0,51920.0,38357
2026-04-09 13:05:00+09:00,51920.0,51980.0,51880.0,51940.0,17351
2026-04-09 13:10:00+09:00,51940.0,52060.0,51910.0,51980.0,27765
2026-04-09 13:15:00+09:00,51980.0,52010.0,51850.0,51880.0,26357
2026-04-09 13:20:00+09:00,51890.0,51900.0,51790.0,51810.0,43492
2026-04-09 13:25:00+09:00,51810.0,51910.0,51800.0,51880.0,22590
2026-04-09 13:30:00+09:00,51890.0,52030.0,51850.0,51910.0,51903
2026-04-09 13:35:00+09:00,51910.0,51990.0,51900.0,51940.0,15959
2026-04-09 13:40:00+09:00,51930.0,52030.0,51930.0,51940.0,14667
2026-04-09 13:45:00+09:00,51940.0,51980.0,51920.0,51980.0,7600
2026-04-09 13:50:00+09:00,51980.0,52080.0,51960.0,52050.0,36581
2026-04-09 13:55:00+09:00,52050.0,52050.0,51930.0,51930.0,14991
2026-04-09 14:00:00+09:00,51940.0,52020.0,51930.0,51980.0,15168
2026-04-09 14:05:00+09:00,51980.0,52020.0,51950.0,51970.0,7861
2026-04-09 14:10:00+09:00,51970.0,52090.0,51900.0,52000.0,55425
2026-04-09 14:15:00+09:00,52010.0,52190.0,52010.0,52170.0,44339
2026-04-09 14:20:00+09:00,52150.0,52160.0,52030.0,52090.0,22028
2026-04-09 14:25:00+09:00,52090.0,52190.0,52070.0,52180.0,52449
2026-04-09 14:30:00+09:00,52180.0,52200.0,52110.0,52170.0,33383
2026-04-09 14:35:00+09:00,52170.0,52320.0,52130.0,52230.0,104419
2026-04-09 14:40:00+09:00,52230.0,52340.0,52210.0,52330.0,35664
2026-04-09 14:45:00+09:00,52330.0,52360.0,52200.0,52260.0,53268
2026-04-09 14:50:00+09:00,52260.0,52280.0,52180.0,52210.0,34333
2026-04-09 14:55:00+09:00,52210.0,52260.0,52190.0,52260.0,14829
2026-04-09 15:00:00+09:00,52250.0,52270.0,52180.0,52210.0,43207
2026-04-09 15:05:00+09:00,52210.0,52240.0,52140.0,52140.0,44554
2026-04-09 15:10:00+09:00,52150.0,52160.0,52030.0,52040.0,30709
2026-04-09 15:15:00+09:00,52040.0,52140.0,51980.0,52070.0,58957
2026-04-09 15:20:00+09:00,52070.0,52070.0,51960.0,52030.0,33722
2026-04-09 15:25:00+09:00,52020.0,52020.0,52020.0,52020.0,10
2026-04-09 15:30:00+09:00,52140.0,52140.0,52140.0,52140.0,31406
2026-04-10 09:00:00+09:00,53085.0,53470.0,53020.0,53350.0,320848
2026-04-10 09:05:00+09:00,53350.0,53450.0,53150.0,53270.0,143584
2026-04-10 09:10:00+09:00,53290.0,53370.0,53180.0,53250.0,128524
2026-04-10 09:15:00+09:00,53270.0,53360.0,53110.0,53300.0,133937
2026-04-10 09:20:00+09:00,53290.0,53560.0,53280.0,53490.0,203549
2026-04-10 09:25:00+09:00,53500.0,53650.0,53450.0,53600.0,130025
2026-04-10 09:30:00+09:00,53610.0,53650.0,53560.0,53630.0,87079
2026-04-10 09:35:00+09:00,53640.0,53780.0,53550.0,53770.0,127437
2026-04-10 09:40:00+09:00,53770.0,53800.0,53600.0,53600.0,80870
2026-04-10 09:45:00+09:00,53600.0,53640.0,53500.0,53550.0,75817
2026-04-10 09:50:00+09:00,53570.0,53640.0,53450.0,53510.0,57349
2026-04-10 09:55:00+09:00,53510.0,53580.0,53420.0,53580.0,52045
2026-04-10 10:00:00+09:00,53580.0,53630.0,53400.0,53560.0,56659
2026-04-10 10:05:00+09:00,53560.0,53570.0,53480.0,53530.0,32630
2026-04-10 10:10:00+09:00,53640.0,53700.0,53600.0,53650.0,32062
2026-04-10 10:15:00+09:00,53640.0,53720.0,53620.0,53670.0,49897
2026-04-10 10:20:00+09:00,53670.0,53710.0,53610.0,53610.0,38752
2026-04-10 10:25:00+09:00,53610.0,53800.0,53550.0,53710.0,78432
2026-04-10 10:30:00+09:00,53710.0,53830.0,53640.0,53820.0,86940
2026-04-10 10:35:00+09:00,53820.0,53860.0,53750.0,53820.0,44736
2026-04-10 10:40:00+09:00,53820.0,53880.0,53770.0,53870.0,39505
2026-04-10 10:45:00+09:00,53860.0,53860.0,53780.0,53810.0,32450
2026-04-10 10:50:00+09:00,53810.0,53850.0,53770.0,53840.0,31983
2026-04-10 10:55:00+09:00,53840.0,53840.0,53730.0,53780.0,30419
2026-04-10 11:00:00+09:00,53780.0,53780.0,53530.0,53530.0,47103
2026-04-10 11:05:00+09:00,53530.0,53660.0,53530.0,53610.0,25886
2026-04-10 11:10:00+09:00,53610.0,53640.0,53430.0,53430.0,54288
2026-04-10 11:15:00+09:00,53430.0,53500.0,53370.0,53380.0,26491
2026-04-10 11:20:00+09:00,53380.0,53500.0,53320.0,53490.0,44801
2026-04-10 11:25:00+09:00,53490.0,53540.0,53460.0,53510.0,23880
2026-04-10 12:30:00+09:00,53450.0,53810.0,53450.0,53730.0,131573
2026-04-10 12:35:00+09:00,53730.0,53780.0,53680.0,53700.0,38283
2026-04-10 12:40:00+09:00,53700.0,53710.0,53580.0,53610.0,32348
2026-04-10 12:45:00+09:00,53600.0,53680.0,53590.0,53610.0,26907
2026-04-10 12:50:00+09:00,53610.0,53690.0,53570.0,53690.0,24504
2026-04-10 12:55:00+09:00,53690.0,53740.0,53680.0,53720.0,33599
2026-04-10 13:00:00+09:00,53720.0,53830.0,53690.0,53830.0,75343
2026-04-10 13:05:00+09:00,53830.0,53830.0,53710.0,53770.0,34353
2026-04-10 13:10:00+09:00,53770.0,53850.0,53760.0,53820.0,36986
2026-04-10 13:15:00+09:00,53820.0,53880.0,53810.0,53860.0,60709
2026-04-10 13:20:00+09:00,53870.0,53910.0,53860.0,53900.0,81748
2026-04-10 13:25:00+09:00,53890.0,53960.0,53890.0,53890.0,76928
2026-04-10 13:30:00+09:00,53890.0,53960.0,53880.0,53940.0,39835
2026-04-10 13:35:00+09:00,53940.0,53950.0,53900.0,53920.0,20546
2026-04-10 13:40:00+09:00,53920.0,53930.0,53860.0,53870.0,25740
2026-04-10 13:45:00+09:00,53870.0,53900.0,53860.0,53900.0,16571
2026-04-10 13:50:00+09:00,53900.0,53970.0,53890.0,53960.0,33589
2026-04-10 13:55:00+09:00,53970.0,53970.0,53870.0,53900.0,20497
2026-04-10 14:00:00+09:00,53900.0,53990.0,53900.0,53960.0,47473
2026-04-10 14:05:00+09:00,53960.0,54000.0,53940.0,53970.0,44302
2026-04-10 14:10:00+09:00,53990.0,54010.0,53960.0,53980.0,67794
2026-04-10 14:15:00+09:00,53990.0,53990.0,53880.0,53940.0,24633
2026-04-10 14:20:00+09:00,53940.0,53980.0,53930.0,53970.0,29954
2026-04-10 14:25:00+09:00,53970.0,54000.0,53910.0,53910.0,31857
2026-04-10 14:30:00+09:00,53910.0,54020.0,53910.0,53980.0,38832
2026-04-10 14:35:00+09:00,53980.0,53980.0,53930.0,53930.0,20158
2026-04-10 14:40:00+09:00,53930.0,53960.0,53860.0,53860.0,27917
2026-04-10 14:45:00+09:00,53860.0,53930.0,53860.0,53910.0,14573
2026-04-10 14:50:00+09:00,53900.0,53940.0,53870.0,53890.0,25382
2026-04-10 14:55:00+09:00,53890.0,53910.0,53850.0,53850.0,17261
2026-04-10 15:00:00+09:00,53850.0,53900.0,53780.0,53790.0,48318
2026-04-10 15:05:00+09:00,53790.0,53870.0,53770.0,53840.0,33036
2026-04-10 15:10:00+09:00,53840.0,53880.0,53790.0,53800.0,19240
2026-04-10 15:15:00+09:00,53800.0,53810.0,53730.0,53780.0,39526
2026-04-10 15:20:00+09:00,53770.0,53850.0,53760.0,53790.0,78882
2026-04-10 15:25:00+09:00,53810.0,53810.0,53810.0,53810.0,316
2026-04-10 15:30:00+09:00,53800.0,53800.0,53800.0,53800.0,52547
2026-04-13 09:00:00+09:00,52725.0,53000.0,52650.0,52980.0,180225
2026-04-13 09:05:00+09:00,53050.0,53300.0,53050.0,53240.0,78436
2026-04-13 09:10:00+09:00,53250.0,53580.0,53220.0,53510.0,140068
2026-04-13 09:15:00+09:00,53500.0,53550.0,53360.0,53430.0,124723
2026-04-13 09:20:00+09:00,53440.0,53490.0,53140.0,53180.0,120612
2026-04-13 09:25:00+09:00,53170.0,53230.0,53080.0,53090.0,99659
2026-04-13 09:30:00+09:00,53090.0,53340.0,53080.0,53180.0,70233
2026-04-13 09:35:00+09:00,53170.0,53180.0,52990.0,53040.0,75004
2026-04-13 09:40:00+09:00,53050.0,53060.0,52900.0,52930.0,58768
2026-04-13 09:45:00+09:00,52930.0,53050.0,52920.0,53030.0,44761
2026-04-13 09:50:00+09:00,53040.0,53230.0,53010.0,53200.0,65585
2026-04-13 09:55:00+09:00,53180.0,53190.0,53040.0,53080.0,41472
2026-04-13 10:00:00+09:00,53080.0,53260.0,53070.0,53210.0,60496
2026-04-13 10:05:00+09:00,53200.0,53210.0,53060.0,53160.0,32959
2026-04-13 10:10:00+09:00,53160.0,53260.0,53150.0,53210.0,53784
2026-04-13 10:15:00+09:00,53200.0,53200.0,53070.0,53090.0,30928
2026-04-13 10:20:00+09:00,53090.0,53120.0,53010.0,53090.0,30583
2026-04-13 10:25:00+09:00,53080.0,53150.0,53060.0,53090.0,19874
2026-04-13 10:30:00+09:00,53100.0,53190.0,53000.0,53190.0,45353
2026-04-13 10:35:00+09:00,53210.0,53300.0,53180.0,53200.0,69474
2026-04-13 10:40:00+09:00,53220.0,53240.0,53070.0,53080.0,44471
2026-04-13 10:45:00+09:00,53080.0,53080.0,52930.0,52940.0,40051
2026-04-13 10:50:00+09:00,52940.0,52980.0,52880.0,52900.0,30050
2026-04-13 10:55:00+09:00,52900.0,53050.0,52900.0,53010.0,48724
2026-04-13 11:00:00+09:00,53010.0,53070.0,52940.0,53010.0,23857
2026-04-13 11:05:00+09:00,53010.0,53010.0,52870.0,52910.0,30776
2026-04-13 11:10:00+09:00,52910.0,52930.0,52780.0,52800.0,48228
2026-04-13 11:15:00+09:00,52790.0,52930.0,52760.0,52880.0,25593
2026-04-13 11:20:00+09:00,52880.0,52940.0,52840.0,52910.0,15681
2026-04-13 11:25:00+09:00,52910.0,52950.0,52850.0,52860.0,14457
2026-04-13 11:30:00+09:00,52870.0,52870.0,52850.0,52850.0,934
2026-04-13 12:30:00+09:00,52810.0,52850.0,52750.0,52840.0,49244
2026-04-13 12:35:00+09:00,52840.0,52840.0,52720.0,52730.0,24196
2026-04-13 12:40:00+09:00,52730.0,52830.0,52710.0,52800.0,27128
2026-04-13 12:45:00+09:00,52800.0,52800.0,52690.0,52740.0,38741
2026-04-13 12:50:00+09:00,52740.0,52750.0,52660.0,52730.0,19426
2026-04-13 12:55:00+09:00,52730.0,52770.0,52690.0,52710.0,19898
2026-04-13 13:00:00+09:00,52690.0,52720.0,52630.0,52640.0,31242
2026-04-13 13:05:00+09:00,52640.0,52720.0,52570.0,52670.0,43415
2026-04-13 13:10:00+09:00,52670.0,52690.0,52590.0,52660.0,15525
2026-04-13 13:15:00+09:00,52670.0,52740.0,52670.0,52720.0,13690
2026-04-13 13:20:00+09:00,52720.0,52730.0,52660.0,52690.0,13684
2026-04-13 13:25:00+09:00,52690.0,52760.0,52690.0,52710.0,13551
2026-04-13 13:30:00+09:00,52710.0,52840.0,52710.0,52830.0,31328
2026-04-13 13:35:00+09:00,52840.0,52880.0,52800.0,52880.0,27120
2026-04-13 13:40:00+09:00,52880.0,52970.0,52880.0,52930.0,33603
2026-04-13 13:45:00+09:00,52930.0,53050.0,52900.0,53050.0,33891
2026-04-13 13:50:00+09:00,53050.0,53120.0,53030.0,53120.0,54076
2026-04-13 13:55:00+09:00,53110.0,53180.0,53020.0,53060.0,69089
2026-04-13 14:00:00+09:00,53040.0,53080.0,52980.0,53080.0,26910
2026-04-13 14:05:00+09:00,53070.0,53110.0,53030.0,53030.0,20033
2026-04-13 14:10:00+09:00,53030.0,53060.0,52970.0,52990.0,24815
2026-04-13 14:15:00+09:00,52990.0,53030.0,52930.0,52960.0,32831
2026-04-13 14:20:00+09:00,52940.0,53060.0,52940.0,53040.0,14233
2026-04-13 14:25:00+09:00,53040.0,53070.0,53000.0,53050.0,23811
2026-04-13 14:30:00+09:00,53050.0,53060.0,52990.0,53050.0,21515
2026-04-13 14:35:00+09:00,53050.0,53090.0,53030.0,53050.0,43105
2026-04-13 14:40:00+09:00,53050.0,53060.0,52990.0,53020.0,39259
2026-04-13 14:45:00+09:00,53040.0,53040.0,52990.0,53000.0,12527
2026-04-13 14:50:00+09:00,53000.0,53070.0,53000.0,53060.0,18070
2026-04-13 14:55:00+09:00,53060.0,53070.0,53010.0,53030.0,16449
2026-04-13 15:00:00+09:00,53030.0,53060.0,52970.0,53040.0,25690
2026-04-13 15:05:00+09:00,53040.0,53060.0,52970.0,53040.0,16579
2026-04-13 15:10:00+09:00,53040.0,53060.0,53000.0,53050.0,17415
2026-04-13 15:15:00+09:00,53060.0,53150.0,53050.0,53120.0,44758
2026-04-13 15:20:00+09:00,53120.0,53230.0,53100.0,53190.0,57071
2026-04-13 15:25:00+09:00,53170.0,53170.0,53170.0,53170.0,203
2026-04-13 15:30:00+09:00,53170.0,53170.0,53100.0,53100.0,52458
2026-04-13 16:55:00+09:00,53100.0,53100.0,53100.0,53100.0,0
2026-04-13 17:00:00+09:00,53100.0,53100.0,53100.0,53100.0,0
2026-04-13 17:05:00+09:00,53100.0,53100.0,53100.0,53100.0,0
2026-04-13 17:10:00+09:00,53100.0,53100.0,53100.0,53100.0,0
2026-04-13 17:15:00+09:00,53100.0,53100.0,53100.0,53100.0,0
2026-04-13 17:20:00+09:00,53100.0,53100.0,53100.0,53100.0,0
2026-04-13 17:25:00+09:00,53100.0,53100.0,53100.0,53100.0,0
2026-04-13 17:30:00+09:00,53100.0,53100.0,53100.0,53100.0,0
2026-04-13 17:35:00+09:00,53100.0,53100.0,53100.0,53100.0,0
2026-04-13 17:40:00+09:00,53100.0,53100.0,53100.0,53100.0,0
2026-04-13 17:45:00+09:00,53100.0,53100.0,53100.0,53100.0,0
2026-04-13 17:50:00+09:00,53100.0,53100.0,53100.0,53100.0,0
2026-04-13 17:55:00+09:00,53100.0,53100.0,53100.0,53100.0,0
2026-04-13 18:00:00+09:00,53100.0,53100.0,53100.0,53100.0,0
2026-04-13 18:05:00+09:00,53100.0,53100.0,53100.0,53100.0,0
2026-04-13 18:10:00+09:00,53100.0,53100.0,53100.0,53100.0,0
2026-04-13 18:15:00+09:00,53100.0,53100.0,53100.0,53100.0,0
2026-04-13 18:20:00+09:00,53100.0,53100.0,53100.0,53100.0,0
2026-04-13 18:25:00+09:00,53100.0,53100.0,53100.0,53100.0,0
2026-04-13 18:30:00+09:00,53100.0,53100.0,53100.0,53100.0,0
2026-04-13 18:35:00+09:00,53100.0,53100.0,53100.0,53100.0,0
2026-04-13 18:40:00+09:00,53100.0,53100.0,53100.0,53100.0,0
2026-04-13 18:45:00+09:00,53100.0,53100.0,53100.0,53100.0,0
2026-04-13 18:50:00+09:00,53100.0,53100.0,53100.0,53100.0,0
2026-04-13 18:55:00+09:00,53100.0,53100.0,53100.0,53100.0,0
2026-04-13 19:00:00+09:00,53100.0,53100.0,53100.0,53100.0,0
2026-04-13 19:05:00+09:00,53100.0,53100.0,53100.0,53100.0,0
2026-04-13 19:10:00+09:00,53100.0,53100.0,53100.0,53100.0,0
2026-04-13 19:15:00+09:00,53100.0,53100.0,53100.0,53100.0,0
2026-04-13 19:20:00+09:00,53100.0,53100.0,53100.0,53100.0,0
2026-04-13 19:25:00+09:00,53100.0,53100.0,53100.0,53100.0,0
2026-04-13 19:30:00+09:00,53100.0,53100.0,53100.0,53100.0,0
2026-04-13 19:35:00+09:00,53100.0,53100.0,53100.0,53100.0,0
2026-04-13 19:40:00+09:00,53100.0,53100.0,53100.0,53100.0,0
2026-04-13 19:45:00+09:00,53100.0,53100.0,53100.0,53100.0,0
2026-04-13 19:50:00+09:00,53100.0,53100.0,53100.0,53100.0,0
2026-04-13 19:55:00+09:00,53100.0,53100.0,53100.0,53100.0,0
2026-04-13 20:00:00+09:00,53100.0,53100.0,53100.0,53100.0,0
2026-04-13 20:05:00+09:00,53100.0,53100.0,53100.0,53100.0,0
2026-04-13 20:10:00+09:00,53100.0,53100.0,53100.0,53100.0,0
2026-04-13 20:15:00+09:00,53100.0,53100.0,53100.0,53100.0,0
2026-04-13 20:20:00+09:00,53100.0,53100.0,53100.0,53100.0,0
2026-04-13 20:25:00+09:00,53100.0,53100.0,53100.0,53100.0,0
2026-04-13 20:30:00+09:00,53100.0,53100.0,53100.0,53100.0,0
2026-04-13 20:35:00+09:00,53100.0,53100.0,53100.0,53100.0,0
2026-04-13 20:40:00+09:00,53100.0,53100.0,53100.0,53100.0,0
2026-04-13 20:45:00+09:00,53100.0,53100.0,53100.0,53100.0,0
2026-04-13 20:50:00+09:00,53100.0,53100.0,53100.0,53100.0,0
2026-04-13 20:55:00+09:00,53100.0,53100.0,53100.0,53100.0,0
2026-04-13 21:00:00+09:00,53100.0,53100.0,53100.0,53100.0,0
2026-04-13 21:05:00+09:00,53100.0,53100.0,53100.0,53100.0,0
2026-04-13 21:10:00+09:00,53100.0,53100.0,53100.0,53100.0,0
2026-04-13 21:15:00+09:00,53100.0,53100.0,53100.0,53100.0,0
2026-04-13 21:20:00+09:00,53100.0,53100.0,53100.0,53100.0,0
2026-04-13 21:25:00+09:00,53100.0,53100.0,53100.0,53100.0,0
2026-04-13 21:30:00+09:00,53100.0,53100.0,53100.0,53100.0,0
2026-04-13 21:35:00+09:00,53100.0,53100.0,53100.0,53100.0,0
2026-04-13 21:40:00+09:00,53100.0,53100.0,53100.0,53100.0,0
2026-04-13 21:45:00+09:00,53100.0,53100.0,53100.0,53100.0,0
2026-04-13 21:50:00+09:00,53100.0,53100.0,53100.0,53100.0,0
2026-04-13 21:55:00+09:00,53100.0,53100.0,53100.0,53100.0,0
2026-04-13 22:00:00+09:00,53100.0,53100.0,53100.0,53100.0,0
2026-04-13 22:05:00+09:00,53100.0,53100.0,53100.0,53100.0,0
2026-04-13 22:10:00+09:00,53100.0,53100.0,53100.0,53100.0,0
2026-04-13 22:15:00+09:00,53100.0,53100.0,53100.0,53100.0,0
2026-04-13 22:20:00+09:00,53100.0,53100.0,53100.0,53100.0,0
2026-04-13 22:25:00+09:00,53100.0,53100.0,53100.0,53100.0,0
2026-04-13 22:30:00+09:00,53100.0,53100.0,53100.0,53100.0,0
2026-04-13 22:35:00+09:00,53100.0,53100.0,53100.0,53100.0,0
2026-04-13 22:40:00+09:00,53100.0,53100.0,53100.0,53100.0,0
2026-04-13 22:45:00+09:00,53100.0,53100.0,53100.0,53100.0,0
2026-04-13 22:50:00+09:00,53100.0,53100.0,53100.0,53100.0,0
2026-04-13 22:55:00+09:00,53100.0,53100.0,53100.0,53100.0,0
2026-04-13 23:00:00+09:00,53100.0,53100.0,53100.0,53100.0,0
2026-04-13 23:05:00+09:00,53100.0,53100.0,53100.0,53100.0,0
2026-04-13 23:10:00+09:00,53100.0,53100.0,53100.0,53100.0,0
2026-04-13 23:15:00+09:00,53100.0,53100.0,53100.0,53100.0,0
2026-04-13 23:20:00+09:00,53100.0,53100.0,53100.0,53100.0,0
2026-04-13 23:25:00+09:00,53100.0,53100.0,53100.0,53100.0,0
2026-04-13 23:30:00+09:00,53100.0,53100.0,53100.0,53100.0,0
2026-04-13 23:35:00+09:00,53100.0,53100.0,53100.0,53100.0,0
2026-04-13 23:40:00+09:00,53100.0,53100.0,53100.0,53100.0,0
2026-04-13 23:45:00+09:00,53100.0,53100.0,53100.0,53100.0,0
2026-04-14 08:55:00+09:00,54805.0,54895.0,54765.0,54815.0,0
2026-04-14 09:00:00+09:00,54815.0,54860.0,54100.0,54730.0,90379
2026-04-14 09:05:00+09:00,54740.0,54880.0,54730.0,54850.0,151392
2026-04-14 09:10:00+09:00,54830.0,55220.0,54820.0,55190.0,265716
2026-04-14 09:15:00+09:00,55180.0,55260.0,55080.0,55260.0,166692
2026-04-14 09:20:00+09:00,55240.0,55510.0,55230.0,55500.0,236584
2026-04-14 09:25:00+09:00,55480.0,55530.0,55380.0,55500.0,129850
2026-04-14 09:30:00+09:00,55500.0,55670.0,55490.0,55620.0,160108
2026-04-14 09:35:00+09:00,55590.0,55730.0,55590.0,55720.0,150252
2026-04-14 09:40:00+09:00,55730.0,55740.0,55540.0,55670.0,110572
2026-04-14 09:45:00+09:00,55650.0,55690.0,55590.0,55660.0,72557
2026-04-14 09:50:00+09:00,55660.0,55680.0,55530.0,55600.0,51197
2026-04-14 09:55:00+09:00,55600.0,55700.0,55590.0,55620.0,56306
2026-04-14 10:00:00+09:00,55640.0,55690.0,55580.0,55620.0,51487
2026-04-14 10:05:00+09:00,55620.0,55790.0,55590.0,55730.0,102792
2026-04-14 11:55:00+09:00,55730.0,55730.0,55650.0,55650.0,877349
2026-04-14 21:55:00+09:00,55560.0,55560.0,55560.0,55560.0,0
2026-04-14 22:00:00+09:00,55560.0,55560.0,55560.0,55560.0,0
2026-04-14 22:05:00+09:00,55560.0,55560.0,55560.0,55560.0,0
2026-04-14 22:10:00+09:00,55560.0,55560.0,55560.0,55560.0,0
2026-04-14 22:15:00+09:00,55560.0,55560.0,55560.0,55560.0,0
2026-04-14 22:20:00+09:00,55560.0,55560.0,55560.0,55560.0,0
2026-04-14 22:25:00+09:00,55560.0,55560.0,55560.0,55560.0,0
2026-04-14 22:30:00+09:00,55560.0,55560.0,55560.0,55560.0,0
2026-04-14 22:35:00+09:00,55560.0,55560.0,55560.0,55560.0,0
2026-04-14 22:40:00+09:00,55560.0,55560.0,55560.0,55560.0,0
2026-04-14 22:45:00+09:00,55560.0,55560.0,55560.0,55560.0,0
2026-04-14 22:50:00+09:00,55560.0,55560.0,55560.0,55560.0,0
2026-04-14 22:55:00+09:00,55560.0,55560.0,55560.0,55560.0,0
2026-04-14 23:00:00+09:00,55560.0,55560.0,55560.0,55560.0,0
2026-04-14 23:05:00+09:00,55560.0,55560.0,55560.0,55560.0,0
2026-04-14 23:10:00+09:00,55560.0,55560.0,55560.0,55560.0,0
2026-04-14 23:15:00+09:00,55560.0,55560.0,55560.0,55560.0,0
2026-04-14 23:20:00+09:00,55560.0,55560.0,55560.0,55560.0,0
2026-04-14 23:25:00+09:00,55560.0,55560.0,55560.0,55560.0,0
2026-04-14 23:30:00+09:00,55560.0,55560.0,55560.0,55560.0,0
2026-04-14 23:35:00+09:00,55560.0,55560.0,55560.0,55560.0,0
2026-04-14 23:40:00+09:00,55560.0,55560.0,55560.0,55560.0,0
2026-04-14 23:45:00+09:00,55560.0,55560.0,55560.0,55560.0,0
2026-04-15 03:00:00+09:00,55560.0,55560.0,55560.0,55560.0,0
2026-04-15 03:05:00+09:00,55560.0,55560.0,55560.0,55560.0,0
2026-04-15 03:10:00+09:00,55560.0,55560.0,55560.0,55560.0,0
2026-04-15 03:15:00+09:00,55560.0,55560.0,55560.0,55560.0,0
2026-04-15 03:20:00+09:00,55560.0,55560.0,55560.0,55560.0,0
2026-04-15 03:25:00+09:00,55560.0,55560.0,55560.0,55560.0,0
2026-04-15 03:30:00+09:00,55560.0,55560.0,55560.0,55560.0,0
2026-04-15 03:35:00+09:00,55560.0,55560.0,55560.0,55560.0,0
2026-04-15 03:40:00+09:00,55560.0,55560.0,55560.0,55560.0,0
2026-04-15 03:45:00+09:00,55560.0,55560.0,55560.0,55560.0,0
2026-04-15 03:50:00+09:00,55560.0,55560.0,55560.0,55560.0,0
2026-04-15 03:55:00+09:00,55560.0,55560.0,55560.0,55560.0,0
2026-04-15 04:00:00+09:00,55560.0,55560.0,55560.0,55560.0,0
2026-04-15 04:05:00+09:00,55560.0,55560.0,55560.0,55560.0,0
2026-04-15 04:10:00+09:00,55560.0,55560.0,55560.0,55560.0,0
2026-04-15 04:15:00+09:00,55560.0,55560.0,55560.0,55560.0,0
2026-04-15 04:20:00+09:00,55560.0,55560.0,55560.0,55560.0,0
2026-04-15 04:25:00+09:00,55560.0,55560.0,55560.0,55560.0,0
2026-04-15 04:30:00+09:00,55560.0,55560.0,55560.0,55560.0,0
2026-04-15 04:35:00+09:00,55560.0,55560.0,55560.0,55560.0,0
2026-04-15 04:40:00+09:00,55560.0,55560.0,55560.0,55560.0,0
2026-04-15 04:45:00+09:00,55560.0,55560.0,55560.0,55560.0,0
2026-04-15 04:50:00+09:00,55560.0,55560.0,55560.0,55560.0,0
2026-04-15 04:55:00+09:00,55560.0,55560.0,55560.0,55560.0,0
2026-04-15 05:00:00+09:00,55560.0,55560.0,55560.0,55560.0,0
2026-04-15 05:05:00+09:00,55560.0,55560.0,55560.0,55560.0,0
2026-04-15 05:10:00+09:00,55560.0,55560.0,55560.0,55560.0,0
2026-04-15 05:15:00+09:00,55560.0,55560.0,55560.0,55560.0,0
2026-04-15 05:20:00+09:00,55560.0,55560.0,55560.0,55560.0,0
2026-04-15 05:25:00+09:00,55560.0,55560.0,55560.0,55560.0,0
2026-04-15 05:30:00+09:00,55560.0,55560.0,55560.0,55560.0,0
2026-04-15 05:35:00+09:00,55560.0,55560.0,55560.0,55560.0,0
2026-04-15 05:40:00+09:00,55560.0,55560.0,55560.0,55560.0,0
2026-04-15 05:45:00+09:00,55560.0,55560.0,55560.0,55560.0,0
2026-04-15 05:50:00+09:00,55560.0,55560.0,55560.0,55560.0,0
2026-04-15 05:55:00+09:00,55560.0,55560.0,55560.0,55560.0,0
2026-04-15 06:00:00+09:00,55560.0,55560.0,55560.0,55560.0,0
2026-04-15 06:05:00+09:00,55560.0,55560.0,55560.0,55560.0,0
2026-04-15 08:05:00+09:00,55560.0,56355.0,55560.0,56295.0,0
2026-04-15 08:10:00+09:00,56355.0,56395.0,56355.0,56395.0,0
2026-04-15 08:15:00+09:00,56395.0,56655.0,56395.0,56655.0,0
2026-04-15 08:20:00+09:00,56655.0,56655.0,56655.0,56655.0,0
2026-04-15 08:25:00+09:00,56655.0,56685.0,56655.0,56685.0,0
2026-04-15 08:30:00+09:00,57115.0,57115.0,57085.0,57095.0,0
2026-04-15 08:35:00+09:00,57095.0,57095.0,57075.0,57095.0,0
2026-04-15 08:40:00+09:00,57095.0,57105.0,57085.0,57085.0,0
2026-04-15 08:45:00+09:00,57085.0,57085.0,57085.0,57085.0,0
2026-04-15 08:50:00+09:00,57085.0,57085.0,57085.0,57085.0,0
2026-04-15 08:55:00+09:00,57075.0,57085.0,57015.0,57085.0,0
2026-04-15 09:00:00+09:00,57095.0,57095.0,56560.0,56930.0,84744
2026-04-15 09:05:00+09:00,56940.0,56980.0,56820.0,56900.0,171122
2026-04-15 09:10:00+09:00,56900.0,56900.0,56780.0,56850.0,90809
2026-04-15 09:15:00+09:00,56850.0,56960.0,56790.0,56950.0,145171
2026-04-15 09:20:00+09:00,56950.0,56980.0,56880.0,56900.0,86233
2026-04-15 09:25:00+09:00,56900.0,56920.0,56770.0,56860.0,59540
2026-04-15 09:30:00+09:00,56870.0,56870.0,56690.0,56780.0,58169
2026-04-15 09:35:00+09:00,56790.0,56790.0,56670.0,56740.0,70166
2026-04-15 09:40:00+09:00,56750.0,56820.0,56660.0,56700.0,49433
2026-04-15 09:45:00+09:00,56700.0,56920.0,56700.0,56920.0,69332
2026-04-15 09:50:00+09:00,56920.0,57000.0,56890.0,56900.0,123020
2026-04-15 09:55:00+09:00,56900.0,57000.0,56880.0,56930.0,55742
2026-04-15 10:00:00+09:00,56920.0,56990.0,56890.0,56980.0,50630
2026-04-15 10:05:00+09:00,56980.0,57000.0,56920.0,57000.0,55909
2026-04-15 10:10:00+09:00,57000.0,57000.0,56880.0,56890.0,29205
2026-04-15 10:15:00+09:00,56910.0,56990.0,56870.0,56890.0,54312
2026-04-15 10:20:00+09:00,56920.0,56930.0,56780.0,56800.0,57732
2026-04-15 10:25:00+09:00,56810.0,56810.0,56680.0,56710.0,29899
2026-04-15 10:30:00+09:00,56700.0,56720.0,56490.0,56510.0,59853
2026-04-15 10:35:00+09:00,56510.0,56550.0,56380.0,56480.0,47721
2026-04-15 10:40:00+09:00,56480.0,56590.0,56460.0,56510.0,39617
2026-04-15 10:45:00+09:00,56520.0,56560.0,56420.0,56510.0,20002
2026-04-15 10:50:00+09:00,56500.0,56610.0,56490.0,56540.0,30641
2026-04-15 10:55:00+09:00,56550.0,56570.0,56500.0,56510.0,22070
2026-04-15 11:00:00+09:00,56520.0,56520.0,56280.0,56380.0,44293
2026-04-15 11:05:00+09:00,56380.0,56420.0,56330.0,56360.0,37330
2026-04-15 11:10:00+09:00,56360.0,56370.0,56210.0,56250.0,32344
2026-04-15 11:15:00+09:00,56250.0,56280.0,56170.0,56200.0,91127
2026-04-15 11:20:00+09:00,56200.0,56220.0,56140.0,56180.0,39959
2026-04-15 11:25:00+09:00,56190.0,56270.0,56180.0,56220.0,17702
2026-04-15 11:30:00+09:00,56210.0,56210.0,56210.0,56210.0,3046
2026-04-15 11:35:00+09:00,56210.0,56210.0,56210.0,56210.0,0
2026-04-15 11:40:00+09:00,56210.0,56210.0,56210.0,56210.0,0
2026-04-15 11:45:00+09:00,56210.0,56210.0,56210.0,56210.0,0
2026-04-15 11:50:00+09:00,56210.0,56210.0,56210.0,56210.0,0
2026-04-15 11:55:00+09:00,56210.0,56210.0,56210.0,56210.0,0
2026-04-15 12:00:00+09:00,56210.0,56210.0,56210.0,56210.0,0
2026-04-15 12:05:00+09:00,56210.0,56210.0,56210.0,56210.0,0
2026-04-15 12:10:00+09:00,56210.0,56210.0,56210.0,56210.0,0
2026-04-15 12:15:00+09:00,56210.0,56210.0,56210.0,56210.0,0
2026-04-15 12:20:00+09:00,56210.0,56210.0,56210.0,56210.0,0
2026-04-15 12:25:00+09:00,56210.0,56210.0,56210.0,56210.0,0
2026-04-15 12:30:00+09:00,56330.0,56540.0,56330.0,56500.0,83531
2026-04-15 12:35:00+09:00,56530.0,56730.0,56470.0,56700.0,79763
2026-04-15 12:40:00+09:00,56700.0,56800.0,56670.0,56680.0,58500
2026-04-15 12:45:00+09:00,56680.0,56700.0,56600.0,56630.0,33645
2026-04-15 12:50:00+09:00,56630.0,56740.0,56620.0,56680.0,24221
2026-04-15 12:55:00+09:00,56700.0,56720.0,56650.0,56670.0,21531
2026-04-15 13:00:00+09:00,56670.0,56670.0,56560.0,56580.0,23850
2026-04-15 13:05:00+09:00,56570.0,56600.0,56450.0,56480.0,28737
2026-04-15 13:10:00+09:00,56480.0,56620.0,56460.0,56620.0,22945
2026-04-15 13:15:00+09:00,56620.0,56690.0,56600.0,56620.0,19864
2026-04-15 13:20:00+09:00,56600.0,56620.0,56560.0,56580.0,14429
2026-04-15 13:25:00+09:00,56570.0,56610.0,56540.0,56590.0,9455
2026-04-15 13:30:00+09:00,56600.0,56630.0,56550.0,56610.0,13263
2026-04-15 13:35:00+09:00,56620.0,56660.0,56610.0,56630.0,14922
2026-04-15 13:40:00+09:00,56630.0,56690.0,56600.0,56660.0,18879
2026-04-15 13:45:00+09:00,56660.0,56670.0,56620.0,56630.0,19770
2026-04-15 13:50:00+09:00,56630.0,56630.0,56570.0,56590.0,18338
2026-04-15 13:55:00+09:00,56590.0,56690.0,56560.0,56660.0,25210
2026-04-15 14:00:00+09:00,56680.0,56900.0,56450.0,56460.0,196847
2026-04-15 14:05:00+09:00,56450.0,56580.0,56270.0,56520.0,79250
2026-04-15 14:10:00+09:00,56520.0,56660.0,56450.0,56650.0,30009
2026-04-15 14:15:00+09:00,56650.0,56680.0,56500.0,56510.0,23370
2026-04-15 14:20:00+09:00,56510.0,56510.0,56220.0,56220.0,35457
2026-04-15 14:25:00+09:00,56220.0,56280.0,56170.0,56230.0,31259
2026-04-15 14:30:00+09:00,56230.0,56230.0,56050.0,56110.0,37426
2026-04-15 14:35:00+09:00,56120.0,56150.0,55970.0,56070.0,57340
2026-04-15 14:40:00+09:00,56070.0,56120.0,56020.0,56070.0,20765
2026-04-15 14:45:00+09:00,56080.0,56150.0,56050.0,56060.0,21544
2026-04-15 14:50:00+09:00,56060.0,56100.0,55970.0,56050.0,25870
2026-04-15 14:55:00+09:00,56050.0,56260.0,56040.0,56230.0,42592
2026-04-15 15:00:00+09:00,56240.0,56330.0,56130.0,56200.0,28248
2026-04-15 15:05:00+09:00,56200.0,56230.0,56150.0,56200.0,15768
2026-04-15 15:10:00+09:00,56200.0,56280.0,56190.0,56230.0,10415
2026-04-15 15:15:00+09:00,56230.0,56250.0,56160.0,56160.0,30189
2026-04-15 15:20:00+09:00,56170.0,56220.0,56100.0,56120.0,35227
2026-04-15 15:25:00+09:00,56130.0,56130.0,56130.0,56130.0,453
2026-04-15 15:30:00+09:00,56130.0,56180.0,56130.0,56180.0,40139
2026-04-15 15:35:00+09:00,56180.0,56180.0,56180.0,56180.0,0
2026-04-15 17:00:00+09:00,56180.0,56180.0,56180.0,56180.0,0
2026-04-15 17:05:00+09:00,56180.0,56180.0,56180.0,56180.0,0
2026-04-15 17:10:00+09:00,56180.0,56180.0,56180.0,56180.0,0
2026-04-15 17:15:00+09:00,56180.0,56180.0,56180.0,56180.0,0
2026-04-15 17:20:00+09:00,56180.0,56180.0,56180.0,56180.0,0
2026-04-15 17:25:00+09:00,56180.0,56180.0,56180.0,56180.0,0
2026-04-15 17:30:00+09:00,56180.0,56180.0,56180.0,56180.0,0
2026-04-15 17:35:00+09:00,56180.0,56180.0,56180.0,56180.0,0
2026-04-15 17:40:00+09:00,56180.0,56180.0,56180.0,56180.0,0
2026-04-15 17:45:00+09:00,56180.0,56180.0,56180.0,56180.0,0
2026-04-15 17:50:00+09:00,56180.0,56180.0,56180.0,56180.0,0
2026-04-15 17:55:00+09:00,56180.0,56180.0,56180.0,56180.0,0
2026-04-15 18:00:00+09:00,56180.0,56180.0,56180.0,56180.0,0
2026-04-15 18:05:00+09:00,56180.0,56180.0,56180.0,56180.0,0
2026-04-15 18:10:00+09:00,56180.0,56180.0,56180.0,56180.0,0
2026-04-15 18:15:00+09:00,56180.0,56180.0,56180.0,56180.0,0
2026-04-15 18:20:00+09:00,56180.0,56180.0,56180.0,56180.0,0
2026-04-15 18:25:00+09:00,56180.0,56180.0,56180.0,56180.0,0
2026-04-15 18:30:00+09:00,56180.0,56180.0,56180.0,56180.0,0
2026-04-15 18:35:00+09:00,56180.0,56180.0,56180.0,56180.0,0
2026-04-15 18:40:00+09:00,56180.0,56180.0,56180.0,56180.0,0
2026-04-15 18:45:00+09:00,56180.0,56180.0,56180.0,56180.0,0
2026-04-15 18:50:00+09:00,56180.0,56180.0,56180.0,56180.0,0
2026-04-15 18:55:00+09:00,56180.0,56180.0,56180.0,56180.0,0
2026-04-15 19:00:00+09:00,56180.0,56180.0,56180.0,56180.0,0
2026-04-15 19:05:00+09:00,56180.0,56180.0,56180.0,56180.0,0
2026-04-15 19:10:00+09:00,56180.0,56180.0,56180.0,56180.0,0
2026-04-15 19:15:00+09:00,56180.0,56180.0,56180.0,56180.0,0
2026-04-15 19:20:00+09:00,56180.0,56180.0,56180.0,56180.0,0
2026-04-15 19:25:00+09:00,56180.0,56180.0,56180.0,56180.0,0
2026-04-15 19:30:00+09:00,56180.0,56180.0,56180.0,56180.0,0
2026-04-15 19:35:00+09:00,56180.0,56180.0,56180.0,56180.0,0
2026-04-15 19:40:00+09:00,56180.0,56180.0,56180.0,56180.0,0
2026-04-15 19:45:00+09:00,56180.0,56180.0,56180.0,56180.0,0
2026-04-15 19:50:00+09:00,56180.0,56180.0,56180.0,56180.0,0
2026-04-15 19:55:00+09:00,56180.0,56180.0,56180.0,56180.0,0
2026-04-15 20:00:00+09:00,56180.0,56180.0,56180.0,56180.0,0
2026-04-15 20:05:00+09:00,56180.0,56180.0,56180.0,56180.0,0
2026-04-15 20:10:00+09:00,56180.0,56180.0,56180.0,56180.0,0
2026-04-15 20:15:00+09:00,56180.0,56180.0,56180.0,56180.0,0
2026-04-15 20:20:00+09:00,56180.0,56180.0,56180.0,56180.0,0
2026-04-15 20:25:00+09:00,56180.0,56180.0,56180.0,56180.0,0
2026-04-15 20:30:00+09:00,56180.0,56180.0,56180.0,56180.0,0
2026-04-15 20:35:00+09:00,56180.0,56180.0,56180.0,56180.0,0
2026-04-15 20:40:00+09:00,56180.0,56180.0,56180.0,56180.0,0
2026-04-15 20:45:00+09:00,56180.0,56180.0,56180.0,56180.0,0
2026-04-15 20:50:00+09:00,56180.0,56180.0,56180.0,56180.0,0
2026-04-15 20:55:00+09:00,56180.0,56180.0,56180.0,56180.0,0
2026-04-15 21:00:00+09:00,56180.0,56180.0,56180.0,56180.0,0
2026-04-15 21:05:00+09:00,56180.0,56180.0,56180.0,56180.0,0
2026-04-15 21:10:00+09:00,56180.0,56180.0,56180.0,56180.0,0
2026-04-15 21:15:00+09:00,56180.0,56180.0,56180.0,56180.0,0
2026-04-15 21:20:00+09:00,56180.0,56180.0,56180.0,56180.0,0
2026-04-15 21:25:00+09:00,56180.0,56180.0,56180.0,56180.0,0
2026-04-15 21:30:00+09:00,56180.0,56180.0,56180.0,56180.0,0
2026-04-15 21:35:00+09:00,56180.0,56180.0,56180.0,56180.0,0
2026-04-15 21:40:00+09:00,56180.0,56180.0,56180.0,56180.0,0
2026-04-15 21:45:00+09:00,56180.0,56180.0,56180.0,56180.0,0
2026-04-15 21:50:00+09:00,56180.0,56180.0,56180.0,56180.0,0
2026-04-15 21:55:00+09:00,56180.0,56180.0,56180.0,56180.0,0
2026-04-15 22:00:00+09:00,56180.0,56180.0,56180.0,56180.0,0
2026-04-15 22:05:00+09:00,56180.0,56180.0,56180.0,56180.0,0
2026-04-15 22:10:00+09:00,56180.0,56180.0,56180.0,56180.0,0
2026-04-15 22:15:00+09:00,56180.0,56180.0,56180.0,56180.0,0
2026-04-15 22:20:00+09:00,56180.0,56180.0,56180.0,56180.0,0
2026-04-15 22:25:00+09:00,56180.0,56180.0,56180.0,56180.0,0
2026-04-15 22:30:00+09:00,56180.0,56180.0,56180.0,56180.0,0
2026-04-15 22:35:00+09:00,56180.0,56180.0,56180.0,56180.0,0
2026-04-15 22:40:00+09:00,56180.0,56180.0,56180.0,56180.0,0
2026-04-15 22:45:00+09:00,56180.0,56180.0,56180.0,56180.0,0
2026-04-15 22:50:00+09:00,56180.0,56180.0,56180.0,56180.0,0
2026-04-15 22:55:00+09:00,56180.0,56180.0,56180.0,56180.0,0
2026-04-15 23:00:00+09:00,56180.0,56180.0,56180.0,56180.0,0
2026-04-15 23:05:00+09:00,56180.0,56180.0,56180.0,56180.0,0
2026-04-15 23:10:00+09:00,56180.0,56180.0,56180.0,56180.0,0
2026-04-15 23:15:00+09:00,56180.0,56180.0,56180.0,56180.0,0
2026-04-15 23:20:00+09:00,56180.0,56180.0,56180.0,56180.0,0
2026-04-15 23:25:00+09:00,56180.0,56180.0,56180.0,56180.0,0
2026-04-15 23:30:00+09:00,56180.0,56180.0,56180.0,56180.0,0
2026-04-15 23:35:00+09:00,56180.0,56180.0,56180.0,56180.0,0
2026-04-15 23:40:00+09:00,56180.0,56180.0,56180.0,56180.0,0
2026-04-15 23:45:00+09:00,56180.0,56180.0,56180.0,56180.0,0
2026-04-16 03:00:00+09:00,56180.0,56180.0,56180.0,56180.0,0
2026-04-16 03:05:00+09:00,56180.0,56180.0,56180.0,56180.0,0
2026-04-16 03:10:00+09:00,56180.0,56180.0,56180.0,56180.0,0
2026-04-16 03:15:00+09:00,56180.0,56180.0,56180.0,56180.0,0
2026-04-16 03:20:00+09:00,56180.0,56180.0,56180.0,56180.0,0
2026-04-16 03:25:00+09:00,56180.0,56180.0,56180.0,56180.0,0
2026-04-16 03:30:00+09:00,56180.0,56180.0,56180.0,56180.0,0
2026-04-16 03:35:00+09:00,56180.0,56180.0,56180.0,56180.0,0
2026-04-16 03:40:00+09:00,56180.0,56180.0,56180.0,56180.0,0
2026-04-16 03:45:00+09:00,56180.0,56180.0,56180.0,56180.0,0
2026-04-16 03:50:00+09:00,56180.0,56180.0,56180.0,56180.0,0
2026-04-16 03:55:00+09:00,56180.0,56180.0,56180.0,56180.0,0
2026-04-16 04:00:00+09:00,56180.0,56180.0,56180.0,56180.0,0
2026-04-16 04:05:00+09:00,56180.0,56180.0,56180.0,56180.0,0
2026-04-16 04:10:00+09:00,56180.0,56180.0,56180.0,56180.0,0
2026-04-16 04:15:00+09:00,56180.0,56180.0,56180.0,56180.0,0
2026-04-16 04:20:00+09:00,56180.0,56180.0,56180.0,56180.0,0
2026-04-16 04:25:00+09:00,56180.0,56180.0,56180.0,56180.0,0
2026-04-16 04:30:00+09:00,56180.0,56180.0,56180.0,56180.0,0
2026-04-16 04:35:00+09:00,56180.0,56180.0,56180.0,56180.0,0
2026-04-16 04:40:00+09:00,56180.0,56180.0,56180.0,56180.0,0
2026-04-16 04:45:00+09:00,56180.0,56180.0,56180.0,56180.0,0
2026-04-16 04:50:00+09:00,56180.0,56180.0,56180.0,56180.0,0
2026-04-16 04:55:00+09:00,56180.0,56180.0,56180.0,56180.0,0
2026-04-16 05:00:00+09:00,56180.0,56180.0,56180.0,56180.0,0
2026-04-16 05:05:00+09:00,56180.0,56180.0,56180.0,56180.0,0
2026-04-16 05:10:00+09:00,56180.0,56180.0,56180.0,56180.0,0
2026-04-16 05:15:00+09:00,56180.0,56180.0,56180.0,56180.0,0
2026-04-16 05:20:00+09:00,56180.0,56180.0,56180.0,56180.0,0
2026-04-16 05:25:00+09:00,56180.0,56180.0,56180.0,56180.0,0
2026-04-16 05:30:00+09:00,56180.0,56180.0,56180.0,56180.0,0
2026-04-16 05:35:00+09:00,56180.0,56180.0,56180.0,56180.0,0
2026-04-16 05:40:00+09:00,56180.0,56180.0,56180.0,56180.0,0
2026-04-16 05:45:00+09:00,56180.0,56180.0,56180.0,56180.0,0
2026-04-16 05:50:00+09:00,56180.0,56180.0,56180.0,56180.0,0
2026-04-16 08:45:00+09:00,56885.0,56905.0,56885.0,56905.0,0
2026-04-16 08:50:00+09:00,56905.0,56945.0,56905.0,56945.0,0
2026-04-16 08:55:00+09:00,56945.0,56945.0,56865.0,56915.0,0
2026-04-16 09:00:00+09:00,56905.0,57240.0,56905.0,57120.0,274750
2026-04-16 09:05:00+09:00,57120.0,57300.0,57120.0,57280.0,245590
2026-04-16 09:10:00+09:00,57290.0,57630.0,57280.0,57600.0,276646
2026-04-16 09:15:00+09:00,57590.0,57950.0,57580.0,57870.0,218803
2026-04-16 09:20:00+09:00,57870.0,57870.0,57630.0,57630.0,108439
2026-04-16 09:25:00+09:00,57640.0,57640.0,57450.0,57480.0,105936
2026-04-16 09:30:00+09:00,57470.0,57590.0,57430.0,57570.0,66065
2026-04-16 09:35:00+09:00,57560.0,57630.0,57500.0,57590.0,97008
2026-04-16 09:40:00+09:00,57590.0,57690.0,57530.0,57670.0,105910
2026-04-16 09:45:00+09:00,57670.0,57870.0,57650.0,57850.0,99661
2026-04-16 09:50:00+09:00,57850.0,57870.0,57790.0,57840.0,75274
2026-04-16 09:55:00+09:00,57830.0,57870.0,57740.0,57810.0,54537
2026-04-16 10:00:00+09:00,57810.0,57860.0,57620.0,57740.0,65912
2026-04-16 10:05:00+09:00,57740.0,57860.0,57640.0,57830.0,71116
2026-04-16 10:10:00+09:00,57830.0,57990.0,57820.0,57860.0,105126
2026-04-16 10:15:00+09:00,57860.0,58060.0,57840.0,58050.0,118184
2026-04-16 10:20:00+09:00,58050.0,58110.0,57900.0,57900.0,75814
2026-04-16 10:25:00+09:00,57910.0,57950.0,57790.0,57920.0,56030
2026-04-16 10:30:00+09:00,57920.0,58020.0,57890.0,58010.0,59431
2026-04-16 10:35:00+09:00,58010.0,58030.0,57890.0,57990.0,52947
2026-04-16 10:40:00+09:00,57990.0,58220.0,57950.0,58160.0,117215
2026-04-16 10:45:00+09:00,58160.0,58200.0,58110.0,58190.0,51718
2026-04-16 10:50:00+09:00,58200.0,58210.0,58080.0,58180.0,34789
2026-04-16 10:55:00+09:00,58180.0,58230.0,58100.0,58210.0,57141
2026-04-16 11:00:00+09:00,58210.0,58520.0,58210.0,58490.0,172200
2026-04-16 11:05:00+09:00,58470.0,58670.0,58460.0,58660.0,86645
2026-04-16 11:10:00+09:00,58680.0,58770.0,58630.0,58720.0,116240
2026-04-16 11:15:00+09:00,58720.0,58810.0,58670.0,58730.0,118394
2026-04-16 11:20:00+09:00,58730.0,58920.0,58730.0,58780.0,128523
2026-04-16 11:25:00+09:00,58790.0,58890.0,58760.0,58870.0,57051
2026-04-16 11:30:00+09:00,58850.0,58850.0,58850.0,58850.0,8608
2026-04-16 11:35:00+09:00,58850.0,58850.0,58850.0,58850.0,0
2026-04-16 11:40:00+09:00,58850.0,58850.0,58850.0,58850.0,0
2026-04-16 11:45:00+09:00,58850.0,58850.0,58850.0,58850.0,0
2026-04-16 11:50:00+09:00,58850.0,58850.0,58850.0,58850.0,0
2026-04-16 11:55:00+09:00,58850.0,58850.0,58850.0,58850.0,0
2026-04-16 12:00:00+09:00,58850.0,58850.0,58850.0,58850.0,0
2026-04-16 12:05:00+09:00,58850.0,58850.0,58850.0,58850.0,0
2026-04-16 12:10:00+09:00,58850.0,58850.0,58850.0,58850.0,0
2026-04-16 12:15:00+09:00,58850.0,58850.0,58850.0,58850.0,0
2026-04-16 12:20:00+09:00,58850.0,58850.0,58850.0,58850.0,0
2026-04-16 12:25:00+09:00,58850.0,58850.0,58850.0,58850.0,0
2026-04-16 12:30:00+09:00,58850.0,58920.0,58640.0,58670.0,158870
2026-04-16 12:35:00+09:00,58680.0,58680.0,58550.0,58640.0,81800
2026-04-16 12:40:00+09:00,58640.0,58810.0,58600.0,58620.0,78172
2026-04-16 12:45:00+09:00,58620.0,58740.0,58590.0,58720.0,46936
2026-04-16 12:50:00+09:00,58720.0,58720.0,58610.0,58650.0,33997
2026-04-16 12:55:00+09:00,58640.0,58700.0,58630.0,58690.0,33382
2026-04-16 13:00:00+09:00,58700.0,58710.0,58560.0,58630.0,47467
2026-04-16 13:05:00+09:00,58640.0,58650.0,58450.0,58520.0,51151
2026-04-16 13:10:00+09:00,58520.0,58570.0,58490.0,58540.0,20291
2026-04-16 13:15:00+09:00,58530.0,58670.0,58530.0,58580.0,40171
2026-04-16 13:20:00+09:00,58570.0,58600.0,58450.0,58470.0,25028
2026-04-16 13:25:00+09:00,58490.0,58510.0,58420.0,58470.0,21597
2026-04-16 13:30:00+09:00,58480.0,58500.0,58420.0,58500.0,29537
2026-04-16 13:35:00+09:00,58500.0,58520.0,58420.0,58440.0,24629
2026-04-16 13:40:00+09:00,58440.0,58470.0,58410.0,58450.0,11618
2026-04-16 13:45:00+09:00,58450.0,58530.0,58430.0,58510.0,22918
2026-04-16 13:50:00+09:00,58520.0,58610.0,58510.0,58570.0,29502
2026-04-16 13:55:00+09:00,58570.0,58610.0,58530.0,58610.0,22792
2026-04-16 14:00:00+09:00,58590.0,58660.0,58540.0,58650.0,35190
2026-04-16 14:05:00+09:00,58650.0,58710.0,58640.0,58700.0,35165
2026-04-16 14:10:00+09:00,58700.0,58740.0,58660.0,58660.0,46262
2026-04-16 14:15:00+09:00,58660.0,58780.0,58650.0,58780.0,52393
2026-04-16 14:20:00+09:00,58770.0,58840.0,58720.0,58830.0,49532
2026-04-16 14:25:00+09:00,58830.0,58870.0,58800.0,58850.0,35855
2026-04-16 14:30:00+09:00,58850.0,58960.0,58840.0,58930.0,90859
2026-04-16 14:35:00+09:00,58930.0,58970.0,58880.0,58950.0,49433
2026-04-16 14:40:00+09:00,58960.0,58980.0,58930.0,58970.0,48449
2026-04-16 14:45:00+09:00,58960.0,59020.0,58940.0,58970.0,108596
2026-04-16 14:50:00+09:00,58970.0,59040.0,58960.0,58960.0,48635
2026-04-16 14:55:00+09:00,58960.0,58980.0,58800.0,58850.0,64128
2026-04-16 15:00:00+09:00,58860.0,59000.0,58830.0,58870.0,66098
2026-04-16 15:05:00+09:00,58860.0,59000.0,58820.0,58950.0,45786
2026-04-16 15:10:00+09:00,58950.0,59090.0,58930.0,59080.0,106582
2026-04-16 15:15:00+09:00,59100.0,59150.0,58970.0,59140.0,101254
2026-04-16 15:20:00+09:00,59120.0,59150.0,59060.0,59080.0,58093
2026-04-16 15:25:00+09:00,59090.0,59090.0,59090.0,59090.0,88
2026-04-16 15:30:00+09:00,59020.0,59020.0,59020.0,59020.0,52911
2026-04-16 15:35:00+09:00,59020.0,59020.0,59020.0,59020.0,0
2026-04-16 17:00:00+09:00,59020.0,59020.0,59020.0,59020.0,0
2026-04-16 17:05:00+09:00,59020.0,59020.0,59020.0,59020.0,0
2026-04-16 17:10:00+09:00,59020.0,59020.0,59020.0,59020.0,0
2026-04-16 17:15:00+09:00,59020.0,59020.0,59020.0,59020.0,0
2026-04-16 17:20:00+09:00,59020.0,59020.0,59020.0,59020.0,0
2026-04-16 17:25:00+09:00,59020.0,59020.0,59020.0,59020.0,0
2026-04-16 17:30:00+09:00,59020.0,59020.0,59020.0,59020.0,0
2026-04-16 17:35:00+09:00,59020.0,59020.0,59020.0,59020.0,0
2026-04-16 17:40:00+09:00,59020.0,59020.0,59020.0,59020.0,0
2026-04-16 17:45:00+09:00,59020.0,59020.0,59020.0,59020.0,0
2026-04-16 17:50:00+09:00,59020.0,59020.0,59020.0,59020.0,0
2026-04-16 17:55:00+09:00,59020.0,59020.0,59020.0,59020.0,0
2026-04-16 18:00:00+09:00,59020.0,59020.0,59020.0,59020.0,0
2026-04-16 18:05:00+09:00,59020.0,59020.0,59020.0,59020.0,0
2026-04-16 18:10:00+09:00,59020.0,59020.0,59020.0,59020.0,0
2026-04-16 18:15:00+09:00,59020.0,59020.0,59020.0,59020.0,0
2026-04-16 18:20:00+09:00,59020.0,59020.0,59020.0,59020.0,0
2026-04-16 18:25:00+09:00,59020.0,59020.0,59020.0,59020.0,0
2026-04-16 18:30:00+09:00,59020.0,59020.0,59020.0,59020.0,0
2026-04-16 18:35:00+09:00,59020.0,59020.0,59020.0,59020.0,0
2026-04-16 18:40:00+09:00,59020.0,59020.0,59020.0,59020.0,0
2026-04-16 18:45:00+09:00,59020.0,59020.0,59020.0,59020.0,0
2026-04-16 18:50:00+09:00,59020.0,59020.0,59020.0,59020.0,0
2026-04-16 18:55:00+09:00,59020.0,59020.0,59020.0,59020.0,0
2026-04-16 19:00:00+09:00,59020.0,59020.0,59020.0,59020.0,0
2026-04-16 19:05:00+09:00,59020.0,59020.0,59020.0,59020.0,0
2026-04-16 19:10:00+09:00,59020.0,59020.0,59020.0,59020.0,0
2026-04-16 19:15:00+09:00,59020.0,59020.0,59020.0,59020.0,0
2026-04-16 19:20:00+09:00,59020.0,59020.0,59020.0,59020.0,0
2026-04-16 19:25:00+09:00,59020.0,59020.0,59020.0,59020.0,0
2026-04-16 19:30:00+09:00,59020.0,59020.0,59020.0,59020.0,0
2026-04-16 19:35:00+09:00,59020.0,59020.0,59020.0,59020.0,0
2026-04-16 19:40:00+09:00,59020.0,59020.0,59020.0,59020.0,0
2026-04-16 19:45:00+09:00,59020.0,59020.0,59020.0,59020.0,0
2026-04-16 19:50:00+09:00,59020.0,59020.0,59020.0,59020.0,0
2026-04-16 19:55:00+09:00,59020.0,59020.0,59020.0,59020.0,0
2026-04-16 20:00:00+09:00,59020.0,59020.0,59020.0,59020.0,0
2026-04-16 20:05:00+09:00,59020.0,59020.0,59020.0,59020.0,0
2026-04-16 20:10:00+09:00,59020.0,59020.0,59020.0,59020.0,0
2026-04-16 20:15:00+09:00,59020.0,59020.0,59020.0,59020.0,0
2026-04-16 20:20:00+09:00,59020.0,59020.0,59020.0,59020.0,0
2026-04-16 20:25:00+09:00,59020.0,59020.0,59020.0,59020.0,0
2026-04-16 20:30:00+09:00,59020.0,59020.0,59020.0,59020.0,0
2026-04-16 20:35:00+09:00,59020.0,59020.0,59020.0,59020.0,0
2026-04-16 20:40:00+09:00,59020.0,59020.0,59020.0,59020.0,0
2026-04-16 20:45:00+09:00,59020.0,59020.0,59020.0,59020.0,0
2026-04-16 20:50:00+09:00,59020.0,59020.0,59020.0,59020.0,0
2026-04-16 20:55:00+09:00,59020.0,59020.0,59020.0,59020.0,0
2026-04-16 21:00:00+09:00,59020.0,59020.0,59020.0,59020.0,0
2026-04-16 21:05:00+09:00,59020.0,59020.0,59020.0,59020.0,0
2026-04-16 21:10:00+09:00,59020.0,59020.0,59020.0,59020.0,0
2026-04-16 21:15:00+09:00,59020.0,59020.0,59020.0,59020.0,0
2026-04-16 21:20:00+09:00,59020.0,59020.0,59020.0,59020.0,0
2026-04-16 21:25:00+09:00,59020.0,59020.0,59020.0,59020.0,0
2026-04-16 21:30:00+09:00,59020.0,59020.0,59020.0,59020.0,0
2026-04-16 21:35:00+09:00,59020.0,59020.0,59020.0,59020.0,0
2026-04-16 21:40:00+09:00,59020.0,59020.0,59020.0,59020.0,0
2026-04-16 21:45:00+09:00,59020.0,59020.0,59020.0,59020.0,0
2026-04-16 21:50:00+09:00,59020.0,59020.0,59020.0,59020.0,0
2026-04-16 21:55:00+09:00,59020.0,59020.0,59020.0,59020.0,0
2026-04-16 22:00:00+09:00,59020.0,59020.0,59020.0,59020.0,0
2026-04-16 22:05:00+09:00,59020.0,59020.0,59020.0,59020.0,0
2026-04-16 22:10:00+09:00,59020.0,59020.0,59020.0,59020.0,0
2026-04-16 22:15:00+09:00,59020.0,59020.0,59020.0,59020.0,0
2026-04-16 22:20:00+09:00,59020.0,59020.0,59020.0,59020.0,0
2026-04-16 22:25:00+09:00,59020.0,59020.0,59020.0,59020.0,0
2026-04-16 22:30:00+09:00,59020.0,59020.0,59020.0,59020.0,0
2026-04-16 22:35:00+09:00,59020.0,59020.0,59020.0,59020.0,0
2026-04-16 22:40:00+09:00,59020.0,59020.0,59020.0,59020.0,0
2026-04-16 22:45:00+09:00,59020.0,59020.0,59020.0,59020.0,0
2026-04-16 22:50:00+09:00,59020.0,59020.0,59020.0,59020.0,0
2026-04-16 22:55:00+09:00,59020.0,59020.0,59020.0,59020.0,0
2026-04-16 23:00:00+09:00,59020.0,59020.0,59020.0,59020.0,0
2026-04-16 23:05:00+09:00,59020.0,59020.0,59020.0,59020.0,0
2026-04-16 23:10:00+09:00,59020.0,59020.0,59020.0,59020.0,0
2026-04-16 23:15:00+09:00,59020.0,59020.0,59020.0,59020.0,0
2026-04-16 23:20:00+09:00,59020.0,59020.0,59020.0,59020.0,0
2026-04-16 23:25:00+09:00,59020.0,59020.0,59020.0,59020.0,0
2026-04-16 23:30:00+09:00,59020.0,59020.0,59020.0,59020.0,0
2026-04-16 23:35:00+09:00,59020.0,59020.0,59020.0,59020.0,0
2026-04-16 23:40:00+09:00,59020.0,59020.0,59020.0,59020.0,0
2026-04-16 23:45:00+09:00,59020.0,59020.0,59020.0,59020.0,0
2026-04-17 03:00:00+09:00,59020.0,59020.0,59020.0,59020.0,0
2026-04-17 03:05:00+09:00,59020.0,59020.0,59020.0,59020.0,0
2026-04-17 03:10:00+09:00,59020.0,59020.0,59020.0,59020.0,0
2026-04-17 03:15:00+09:00,59020.0,59020.0,59020.0,59020.0,0
2026-04-17 03:20:00+09:00,59020.0,59020.0,59020.0,59020.0,0
2026-04-17 03:25:00+09:00,59020.0,59020.0,59020.0,59020.0,0
2026-04-17 03:30:00+09:00,59020.0,59020.0,59020.0,59020.0,0
2026-04-17 03:35:00+09:00,59020.0,59020.0,59020.0,59020.0,0
2026-04-17 03:40:00+09:00,59020.0,59020.0,59020.0,59020.0,0
2026-04-17 03:45:00+09:00,59020.0,59020.0,59020.0,59020.0,0
2026-04-17 03:50:00+09:00,59020.0,59020.0,59020.0,59020.0,0
2026-04-17 03:55:00+09:00,59020.0,59020.0,59020.0,59020.0,0
2026-04-17 04:00:00+09:00,59020.0,59020.0,59020.0,59020.0,0
2026-04-17 04:05:00+09:00,59020.0,59020.0,59020.0,59020.0,0
2026-04-17 04:10:00+09:00,59020.0,59020.0,59020.0,59020.0,0
2026-04-17 04:15:00+09:00,59020.0,59020.0,59020.0,59020.0,0
2026-04-17 04:20:00+09:00,59020.0,59020.0,59020.0,59020.0,0
2026-04-17 04:25:00+09:00,59020.0,59020.0,59020.0,59020.0,0
2026-04-17 04:30:00+09:00,59020.0,59020.0,59020.0,59020.0,0
2026-04-17 04:35:00+09:00,59020.0,59020.0,59020.0,59020.0,0
2026-04-17 04:40:00+09:00,59020.0,59020.0,59020.0,59020.0,0
2026-04-17 04:45:00+09:00,59020.0,59020.0,59020.0,59020.0,0
2026-04-17 04:50:00+09:00,59020.0,59020.0,59020.0,59020.0,0
2026-04-17 04:55:00+09:00,59020.0,59020.0,59020.0,59020.0,0
2026-04-17 05:00:00+09:00,59020.0,59020.0,59020.0,59020.0,0
2026-04-17 05:05:00+09:00,59020.0,59020.0,59020.0,59020.0,0
2026-04-17 05:10:00+09:00,59020.0,59020.0,59020.0,59020.0,0
2026-04-17 05:15:00+09:00,59020.0,59020.0,59020.0,59020.0,0
2026-04-17 05:20:00+09:00,59020.0,59020.0,59020.0,59020.0,0
2026-04-17 05:25:00+09:00,59020.0,59020.0,59020.0,59020.0,0
2026-04-17 05:30:00+09:00,59020.0,59020.0,59020.0,59020.0,0
2026-04-17 05:35:00+09:00,59020.0,59020.0,59020.0,59020.0,0
2026-04-17 05:40:00+09:00,59020.0,59020.0,59020.0,59020.0,0
2026-04-17 05:45:00+09:00,59020.0,59020.0,59020.0,59020.0,0
2026-04-17 05:50:00+09:00,59020.0,59020.0,59020.0,59020.0,0
2026-04-17 08:45:00+09:00,58505.0,58505.0,58475.0,58475.0,0
2026-04-17 08:50:00+09:00,58475.0,58495.0,58475.0,58495.0,0
2026-04-17 08:55:00+09:00,58495.0,58495.0,58305.0,58425.0,0
2026-04-17 09:00:00+09:00,58435.0,58570.0,58220.0,58220.0,182103
2026-04-17 09:05:00+09:00,58220.0,58240.0,57900.0,58040.0,172651
2026-04-17 09:10:00+09:00,58060.0,58270.0,58030.0,58100.0,104733
2026-04-17 09:15:00+09:00,58100.0,58160.0,57980.0,58090.0,73557
2026-04-17 09:20:00+09:00,58090.0,58210.0,58040.0,58100.0,69483
2026-04-17 09:25:00+09:00,58100.0,58160.0,58000.0,58020.0,53700
2026-04-17 09:30:00+09:00,58020.0,58030.0,57890.0,57910.0,104792
2026-04-17 09:35:00+09:00,57910.0,57960.0,57780.0,57790.0,71824
2026-04-17 09:40:00+09:00,57800.0,57860.0,57760.0,57830.0,65486
2026-04-17 09:45:00+09:00,57840.0,57990.0,57820.0,57960.0,53064
2026-04-17 09:50:00+09:00,57970.0,57970.0,57820.0,57860.0,41770
2026-04-17 09:55:00+09:00,57860.0,57900.0,57790.0,57800.0,49361
2026-04-17 10:00:00+09:00,57800.0,57860.0,57740.0,57800.0,41268
2026-04-17 10:05:00+09:00,57800.0,57970.0,57800.0,57900.0,49747
2026-04-17 10:10:00+09:00,57900.0,57910.0,57780.0,57800.0,32246
2026-04-17 10:15:00+09:00,57800.0,57820.0,57700.0,57700.0,60597
2026-04-17 10:20:00+09:00,57700.0,57760.0,57610.0,57650.0,53632
2026-04-17 10:25:00+09:00,57650.0,57800.0,57600.0,57780.0,81965
2026-04-17 10:30:00+09:00,57790.0,57800.0,57700.0,57780.0,28704
2026-04-17 10:35:00+09:00,57780.0,57810.0,57650.0,57680.0,41466
2026-04-17 10:40:00+09:00,57680.0,57730.0,57650.0,57730.0,9947
2026-04-17 10:45:00+09:00,57720.0,57850.0,57690.0,57790.0,43876
2026-04-17 10:50:00+09:00,57790.0,57840.0,57770.0,57810.0,14772
2026-04-17 10:55:00+09:00,57810.0,57870.0,57780.0,57820.0,26406
2026-04-17 11:00:00+09:00,57810.0,57860.0,57770.0,57860.0,27705
2026-04-17 11:05:00+09:00,57860.0,57860.0,57660.0,57680.0,43782
2026-04-17 11:10:00+09:00,57680.0,57820.0,57680.0,57780.0,18888
2026-04-17 11:15:00+09:00,57780.0,57810.0,57740.0,57760.0,8927
2026-04-17 11:20:00+09:00,57760.0,57780.0,57710.0,57710.0,12614
2026-04-17 11:25:00+09:00,57710.0,57740.0,57670.0,57700.0,19892
2026-04-17 11:30:00+09:00,57700.0,57700.0,57700.0,57700.0,1867
2026-04-17 11:35:00+09:00,57700.0,57700.0,57700.0,57700.0,0
2026-04-17 11:40:00+09:00,57700.0,57700.0,57700.0,57700.0,0
2026-04-17 11:45:00+09:00,57700.0,57700.0,57700.0,57700.0,0
2026-04-17 11:50:00+09:00,57700.0,57700.0,57700.0,57700.0,0
2026-04-17 11:55:00+09:00,57700.0,57700.0,57700.0,57700.0,0
2026-04-17 12:00:00+09:00,57700.0,57700.0,57700.0,57700.0,0
2026-04-17 12:05:00+09:00,57700.0,57700.0,57700.0,57700.0,0
2026-04-17 12:10:00+09:00,57700.0,57700.0,57700.0,57700.0,0
2026-04-17 12:15:00+09:00,57700.0,57700.0,57700.0,57700.0,0
2026-04-17 12:20:00+09:00,57700.0,57700.0,57700.0,57700.0,0
2026-04-17 12:25:00+09:00,57700.0,57700.0,57700.0,57700.0,0
2026-04-17 12:30:00+09:00,57700.0,57720.0,57630.0,57630.0,37389
2026-04-17 12:35:00+09:00,57640.0,57640.0,57520.0,57560.0,55611
2026-04-17 12:40:00+09:00,57570.0,57690.0,57510.0,57680.0,36039
2026-04-17 12:45:00+09:00,57670.0,57780.0,57640.0,57660.0,33406
2026-04-17 12:50:00+09:00,57650.0,57760.0,57600.0,57740.0,20954
2026-04-17 12:55:00+09:00,57740.0,57770.0,57700.0,57730.0,13992
2026-04-17 13:00:00+09:00,57720.0,57810.0,57680.0,57770.0,25062
2026-04-17 13:05:00+09:00,57770.0,57820.0,57770.0,57810.0,32958
2026-04-17 13:10:00+09:00,57810.0,57850.0,57750.0,57820.0,22868
2026-04-17 13:15:00+09:00,57820.0,57870.0,57780.0,57830.0,28443
2026-04-17 13:20:00+09:00,57830.0,57860.0,57770.0,57790.0,21694
2026-04-17 13:25:00+09:00,57790.0,57850.0,57780.0,57810.0,18756
2026-04-17 13:30:00+09:00,57820.0,57820.0,57730.0,57790.0,32614
2026-04-17 13:35:00+09:00,57790.0,57790.0,57680.0,57680.0,27341
2026-04-17 13:40:00+09:00,57680.0,57730.0,57660.0,57670.0,13929
2026-04-17 13:45:00+09:00,57670.0,57740.0,57630.0,57740.0,17431
2026-04-17 13:50:00+09:00,57730.0,57750.0,57680.0,57710.0,21462
2026-04-17 13:55:00+09:00,57710.0,57730.0,57670.0,57690.0,9788
2026-04-17 14:00:00+09:00,57690.0,57740.0,57640.0,57650.0,30082
2026-04-17 14:05:00+09:00,57650.0,57760.0,57650.0,57750.0,25781
2026-04-17 14:10:00+09:00,57750.0,57790.0,57710.0,57770.0,19151
2026-04-17 14:15:00+09:00,57770.0,57790.0,57720.0,57720.0,42385
2026-04-17 14:20:00+09:00,57720.0,57750.0,57700.0,57740.0,10636
2026-04-17 14:25:00+09:00,57740.0,57750.0,57680.0,57690.0,9382
2026-04-17 14:30:00+09:00,57690.0,57690.0,57560.0,57580.0,60671
2026-04-17 14:35:00+09:00,57580.0,57670.0,57560.0,57590.0,32909
2026-04-17 14:40:00+09:00,57590.0,57610.0,57560.0,57580.0,16820
2026-04-17 14:45:00+09:00,57590.0,57640.0,57570.0,57620.0,21584
2026-04-17 14:50:00+09:00,57620.0,57640.0,57600.0,57620.0,9982
2026-04-17 14:55:00+09:00,57620.0,57670.0,57600.0,57600.0,26811
2026-04-17 15:00:00+09:00,57600.0,57620.0,57500.0,57550.0,65247
2026-04-17 15:05:00+09:00,57550.0,57570.0,57500.0,57520.0,40102
2026-04-17 15:10:00+09:00,57520.0,57560.0,57500.0,57510.0,29870
2026-04-17 15:15:00+09:00,57510.0,57520.0,57410.0,57410.0,79626
2026-04-17 15:20:00+09:00,57410.0,57450.0,57380.0,57410.0,72086
2026-04-17 15:25:00+09:00,57420.0,57420.0,57410.0,57410.0,777
2026-04-17 15:30:00+09:00,57410.0,57410.0,57070.0,57070.0,55029
2026-04-17 15:35:00+09:00,57070.0,57070.0,57070.0,57070.0,0
2026-04-17 17:00:00+09:00,57070.0,57070.0,57070.0,57070.0,0
2026-04-17 17:05:00+09:00,57070.0,57070.0,57070.0,57070.0,0
2026-04-17 17:10:00+09:00,57070.0,57070.0,57070.0,57070.0,0
2026-04-17 17:15:00+09:00,57070.0,57070.0,57070.0,57070.0,0
2026-04-17 17:20:00+09:00,57070.0,57070.0,57070.0,57070.0,0
2026-04-17 17:25:00+09:00,57070.0,57070.0,57070.0,57070.0,0
2026-04-17 17:30:00+09:00,57070.0,57070.0,57070.0,57070.0,0
2026-04-17 17:35:00+09:00,57070.0,57070.0,57070.0,57070.0,0
2026-04-17 17:40:00+09:00,57070.0,57070.0,57070.0,57070.0,0
2026-04-17 17:45:00+09:00,57070.0,57070.0,57070.0,57070.0,0
2026-04-17 17:50:00+09:00,57070.0,57070.0,57070.0,57070.0,0
2026-04-17 17:55:00+09:00,57070.0,57070.0,57070.0,57070.0,0
2026-04-17 18:00:00+09:00,57070.0,57070.0,57070.0,57070.0,0
2026-04-17 18:05:00+09:00,57070.0,57070.0,57070.0,57070.0,0
2026-04-17 18:10:00+09:00,57070.0,57070.0,57070.0,57070.0,0
2026-04-17 18:15:00+09:00,57070.0,57070.0,57070.0,57070.0,0
2026-04-17 18:20:00+09:00,57070.0,57070.0,57070.0,57070.0,0
2026-04-17 18:25:00+09:00,57070.0,57070.0,57070.0,57070.0,0
2026-04-17 18:30:00+09:00,57070.0,57070.0,57070.0,57070.0,0
2026-04-17 18:35:00+09:00,57070.0,57070.0,57070.0,57070.0,0
2026-04-17 18:40:00+09:00,57070.0,57070.0,57070.0,57070.0,0
2026-04-17 18:45:00+09:00,57070.0,57070.0,57070.0,57070.0,0
2026-04-17 18:50:00+09:00,57070.0,57070.0,57070.0,57070.0,0
2026-04-17 18:55:00+09:00,57070.0,57070.0,57070.0,57070.0,0
2026-04-17 19:00:00+09:00,57070.0,57070.0,57070.0,57070.0,0
2026-04-17 19:05:00+09:00,57070.0,57070.0,57070.0,57070.0,0
2026-04-17 19:10:00+09:00,57070.0,57070.0,57070.0,57070.0,0
2026-04-17 19:15:00+09:00,57070.0,57070.0,57070.0,57070.0,0
2026-04-17 19:20:00+09:00,57070.0,57070.0,57070.0,57070.0,0
2026-04-17 19:25:00+09:00,57070.0,57070.0,57070.0,57070.0,0
2026-04-17 19:30:00+09:00,57070.0,57070.0,57070.0,57070.0,0
2026-04-17 19:35:00+09:00,57070.0,57070.0,57070.0,57070.0,0
2026-04-17 19:40:00+09:00,57070.0,57070.0,57070.0,57070.0,0
2026-04-17 19:45:00+09:00,57070.0,57070.0,57070.0,57070.0,0
2026-04-17 19:50:00+09:00,57070.0,57070.0,57070.0,57070.0,0
2026-04-17 19:55:00+09:00,57070.0,57070.0,57070.0,57070.0,0
2026-04-17 20:00:00+09:00,57070.0,57070.0,57070.0,57070.0,0
2026-04-17 20:05:00+09:00,57070.0,57070.0,57070.0,57070.0,0
2026-04-17 20:10:00+09:00,57070.0,57070.0,57070.0,57070.0,0
2026-04-17 20:15:00+09:00,57070.0,57070.0,57070.0,57070.0,0
2026-04-17 20:20:00+09:00,57070.0,57070.0,57070.0,57070.0,0
2026-04-17 20:25:00+09:00,57070.0,57070.0,57070.0,57070.0,0
2026-04-17 20:30:00+09:00,57070.0,57070.0,57070.0,57070.0,0
2026-04-17 20:35:00+09:00,57070.0,57070.0,57070.0,57070.0,0
2026-04-17 20:40:00+09:00,57070.0,57070.0,57070.0,57070.0,0
2026-04-17 20:45:00+09:00,57070.0,57070.0,57070.0,57070.0,0
2026-04-17 20:50:00+09:00,57070.0,57070.0,57070.0,57070.0,0
2026-04-17 20:55:00+09:00,57070.0,57070.0,57070.0,57070.0,0
2026-04-17 21:00:00+09:00,57070.0,57070.0,57070.0,57070.0,0
2026-04-17 21:05:00+09:00,57070.0,57070.0,57070.0,57070.0,0
2026-04-17 21:10:00+09:00,57070.0,57070.0,57070.0,57070.0,0
2026-04-17 21:15:00+09:00,57070.0,57070.0,57070.0,57070.0,0
2026-04-17 21:20:00+09:00,57070.0,57070.0,57070.0,57070.0,0
2026-04-17 21:25:00+09:00,57070.0,57070.0,57070.0,57070.0,0
2026-04-17 21:30:00+09:00,57070.0,57070.0,57070.0,57070.0,0
2026-04-17 21:35:00+09:00,57070.0,57070.0,57070.0,57070.0,0
2026-04-17 21:40:00+09:00,57070.0,57070.0,57070.0,57070.0,0
2026-04-17 21:45:00+09:00,57070.0,57070.0,57070.0,57070.0,0
2026-04-17 21:50:00+09:00,57070.0,57070.0,57070.0,57070.0,0
2026-04-17 21:55:00+09:00,57070.0,57070.0,57070.0,57070.0,0
2026-04-17 22:00:00+09:00,57070.0,57070.0,57070.0,57070.0,0
2026-04-17 22:05:00+09:00,57070.0,57070.0,57070.0,57070.0,0
2026-04-17 22:10:00+09:00,57070.0,57070.0,57070.0,57070.0,0
2026-04-17 22:15:00+09:00,57070.0,57070.0,57070.0,57070.0,0
2026-04-17 22:20:00+09:00,57070.0,57070.0,57070.0,57070.0,0
2026-04-17 22:25:00+09:00,57070.0,57070.0,57070.0,57070.0,0
2026-04-17 22:30:00+09:00,57070.0,57070.0,57070.0,57070.0,0
2026-04-17 22:35:00+09:00,57070.0,57070.0,57070.0,57070.0,0
2026-04-17 22:40:00+09:00,57070.0,57070.0,57070.0,57070.0,0
2026-04-17 22:45:00+09:00,57070.0,57070.0,57070.0,57070.0,0
2026-04-17 22:50:00+09:00,57070.0,57070.0,57070.0,57070.0,0
2026-04-17 22:55:00+09:00,57070.0,57070.0,57070.0,57070.0,0
2026-04-17 23:00:00+09:00,57070.0,57070.0,57070.0,57070.0,0
2026-04-17 23:05:00+09:00,57070.0,57070.0,57070.0,57070.0,0
2026-04-17 23:10:00+09:00,57070.0,57070.0,57070.0,57070.0,0
2026-04-17 23:15:00+09:00,57070.0,57070.0,57070.0,57070.0,0
2026-04-17 23:20:00+09:00,57070.0,57070.0,57070.0,57070.0,0
2026-04-17 23:25:00+09:00,57070.0,57070.0,57070.0,57070.0,0
2026-04-17 23:30:00+09:00,57070.0,57070.0,57070.0,57070.0,0
2026-04-17 23:35:00+09:00,57070.0,57070.0,57070.0,57070.0,0
2026-04-17 23:40:00+09:00,57070.0,57070.0,57070.0,57070.0,0
2026-04-17 23:45:00+09:00,57070.0,57070.0,57070.0,57070.0,0
2026-04-17 23:50:00+09:00,57070.0,57070.0,57070.0,57070.0,0
2026-04-20 09:15:00+09:00,57630.0,57630.0,57360.0,57460.0,38075
2026-04-20 09:20:00+09:00,57450.0,57530.0,57360.0,57500.0,45947
2026-04-20 09:25:00+09:00,57510.0,57560.0,57410.0,57500.0,35760
2026-04-20 09:30:00+09:00,57490.0,57550.0,57320.0,57540.0,42763
2026-04-20 09:35:00+09:00,57540.0,57580.0,57360.0,57440.0,50409
2026-04-20 09:40:00+09:00,57440.0,57590.0,57440.0,57570.0,37562
2026-04-20 09:45:00+09:00,57570.0,57720.0,57540.0,57630.0,59343
2026-04-20 09:50:00+09:00,57630.0,57670.0,57540.0,57620.0,35927
2026-04-20 09:55:00+09:00,57620.0,57710.0,57590.0,57710.0,33522
2026-04-20 10:00:00+09:00,57710.0,57880.0,57700.0,57740.0,109511
2026-04-20 10:05:00+09:00,57710.0,57730.0,57590.0,57620.0,54160
2026-04-20 10:10:00+09:00,57610.0,57640.0,57550.0,57600.0,32004
2026-04-20 10:15:00+09:00,57600.0,57690.0,57550.0,57620.0,28828
2026-04-20 10:20:00+09:00,57610.0,57730.0,57590.0,57720.0,27505
2026-04-20 10:25:00+09:00,57730.0,57810.0,57630.0,57650.0,52846
2026-04-20 10:30:00+09:00,57640.0,57750.0,57600.0,57750.0,22756
2026-04-20 10:35:00+09:00,57750.0,57820.0,57670.0,57790.0,32763
2026-04-20 10:40:00+09:00,57790.0,57860.0,57780.0,57810.0,44308
2026-04-20 10:45:00+09:00,57810.0,57870.0,57770.0,57800.0,28137
2026-04-20 10:50:00+09:00,57800.0,57920.0,57790.0,57880.0,58700
2026-04-20 10:55:00+09:00,57880.0,57980.0,57880.0,57930.0,42720
2026-04-20 11:00:00+09:00,57920.0,57950.0,57850.0,57890.0,30658
2026-04-20 11:05:00+09:00,57890.0,57930.0,57850.0,57850.0,18777
2026-04-20 11:10:00+09:00,57850.0,57900.0,57840.0,57890.0,14128
2026-04-20 11:15:00+09:00,57890.0,57980.0,57880.0,57930.0,30565
2026-04-20 11:20:00+09:00,57930.0,57930.0,57790.0,57850.0,22098
2026-04-20 11:25:00+09:00,57850.0,57880.0,57820.0,57840.0,11632
2026-04-20 11:30:00+09:00,57850.0,57860.0,57850.0,57860.0,1550
2026-04-20 11:35:00+09:00,57860.0,57860.0,57860.0,57860.0,0
2026-04-20 11:40:00+09:00,57860.0,57860.0,57860.0,57860.0,0
2026-04-20 11:45:00+09:00,57860.0,57860.0,57860.0,57860.0,0
2026-04-20 11:50:00+09:00,57860.0,57860.0,57860.0,57860.0,0
2026-04-20 11:55:00+09:00,57860.0,57860.0,57860.0,57860.0,0
2026-04-20 12:00:00+09:00,57860.0,57860.0,57860.0,57860.0,0
2026-04-20 12:05:00+09:00,57860.0,57860.0,57860.0,57860.0,0
2026-04-20 12:10:00+09:00,57860.0,57860.0,57860.0,57860.0,0
2026-04-20 12:15:00+09:00,57860.0,57860.0,57860.0,57860.0,0
2026-04-20 12:20:00+09:00,57860.0,57860.0,57860.0,57860.0,0
2026-04-20 12:25:00+09:00,57860.0,57860.0,57860.0,57860.0,0
2026-04-20 12:30:00+09:00,57860.0,58070.0,57850.0,58020.0,131144
2026-04-20 12:35:00+09:00,58020.0,58060.0,57970.0,57980.0,36514
2026-04-20 12:40:00+09:00,57980.0,57980.0,57910.0,57950.0,25508
2026-04-20 12:45:00+09:00,57950.0,57960.0,57850.0,57880.0,26243
2026-04-20 12:50:00+09:00,57880.0,57960.0,57870.0,57950.0,14029
2026-04-20 12:55:00+09:00,57950.0,57980.0,57890.0,57910.0,10440
2026-04-20 13:00:00+09:00,57900.0,57910.0,57740.0,57780.0,38778
2026-04-20 13:05:00+09:00,57780.0,57890.0,57730.0,57860.0,23607
2026-04-20 13:10:00+09:00,57860.0,57870.0,57690.0,57710.0,22440
2026-04-20 13:15:00+09:00,57710.0,57720.0,57620.0,57640.0,53159
2026-04-20 13:20:00+09:00,57640.0,57650.0,57540.0,57570.0,52871
2026-04-20 13:25:00+09:00,57570.0,57590.0,57500.0,57510.0,23821
2026-04-20 13:30:00+09:00,57510.0,57510.0,57430.0,57460.0,34013
2026-04-20 13:35:00+09:00,57460.0,57560.0,57430.0,57560.0,22138
2026-04-20 13:40:00+09:00,57570.0,57690.0,57550.0,57690.0,29582
2026-04-20 13:45:00+09:00,57680.0,57750.0,57650.0,57720.0,53009
2026-04-20 13:50:00+09:00,57710.0,57730.0,57600.0,57640.0,23043
2026-04-20 13:55:00+09:00,57630.0,57650.0,57590.0,57610.0,16685
2026-04-20 14:00:00+09:00,57610.0,57660.0,57610.0,57630.0,15692
2026-04-20 14:05:00+09:00,57630.0,57670.0,57590.0,57650.0,20743
2026-04-20 14:10:00+09:00,57650.0,57700.0,57620.0,57700.0,9954
2026-04-20 14:15:00+09:00,57700.0,57740.0,57650.0,57660.0,16991
2026-04-20 14:20:00+09:00,57660.0,57670.0,57620.0,57650.0,9059
2026-04-20 14:25:00+09:00,57650.0,57650.0,57510.0,57560.0,48752
2026-04-20 14:30:00+09:00,57560.0,57620.0,57440.0,57620.0,25418
2026-04-20 14:35:00+09:00,57620.0,57620.0,57490.0,57500.0,22028
2026-04-20 14:40:00+09:00,57500.0,57510.0,57320.0,57330.0,44749
2026-04-20 14:45:00+09:00,57330.0,57430.0,57320.0,57390.0,16937
2026-04-20 14:50:00+09:00,57390.0,57450.0,57330.0,57440.0,16274
2026-04-20 14:55:00+09:00,57420.0,57490.0,57390.0,57430.0,19870
2026-04-20 15:00:00+09:00,57440.0,57510.0,57400.0,57480.0,21669
2026-04-20 15:05:00+09:00,57480.0,57490.0,57380.0,57410.0,16139
2026-04-20 15:10:00+09:00,57410.0,57420.0,57360.0,57390.0,20380
2026-04-20 15:15:00+09:00,57390.0,57400.0,57330.0,57350.0,13506
2026-04-20 15:20:00+09:00,57350.0,57350.0,57250.0,57280.0,35432
2026-04-20 15:25:00+09:00,57280.0,57280.0,57280.0,57280.0,0
2026-04-20 15:30:00+09:00,57370.0,57370.0,57370.0,57370.0,39385
2026-04-20 15:35:00+09:00,57370.0,57370.0,57370.0,57370.0,0
2026-04-20 17:00:00+09:00,57370.0,57370.0,57370.0,57370.0,0
2026-04-20 17:05:00+09:00,57370.0,57370.0,57370.0,57370.0,0
2026-04-20 17:10:00+09:00,57370.0,57370.0,57370.0,57370.0,0
2026-04-20 17:15:00+09:00,57370.0,57370.0,57370.0,57370.0,0
2026-04-20 17:20:00+09:00,57370.0,57370.0,57370.0,57370.0,0
2026-04-20 17:25:00+09:00,57370.0,57370.0,57370.0,57370.0,0
2026-04-20 17:30:00+09:00,57370.0,57370.0,57370.0,57370.0,0
2026-04-20 17:35:00+09:00,57370.0,57370.0,57370.0,57370.0,0
2026-04-20 17:40:00+09:00,57370.0,57370.0,57370.0,57370.0,0
2026-04-20 17:45:00+09:00,57370.0,57370.0,57370.0,57370.0,0
2026-04-20 17:50:00+09:00,57370.0,57370.0,57370.0,57370.0,0
2026-04-20 17:55:00+09:00,57370.0,57370.0,57370.0,57370.0,0
2026-04-20 18:00:00+09:00,57370.0,57370.0,57370.0,57370.0,0
2026-04-20 18:05:00+09:00,57370.0,57370.0,57370.0,57370.0,0
2026-04-20 18:10:00+09:00,57370.0,57370.0,57370.0,57370.0,0
2026-04-20 18:15:00+09:00,57370.0,57370.0,57370.0,57370.0,0
2026-04-20 18:20:00+09:00,57370.0,57370.0,57370.0,57370.0,0
2026-04-20 18:25:00+09:00,57370.0,57370.0,57370.0,57370.0,0
2026-04-20 18:30:00+09:00,57370.0,57370.0,57370.0,57370.0,0
2026-04-20 18:35:00+09:00,57370.0,57370.0,57370.0,57370.0,0
2026-04-20 18:40:00+09:00,57370.0,57370.0,57370.0,57370.0,0
2026-04-20 18:45:00+09:00,57370.0,57370.0,57370.0,57370.0,0
2026-04-20 18:50:00+09:00,57370.0,57370.0,57370.0,57370.0,0
2026-04-20 18:55:00+09:00,57370.0,57370.0,57370.0,57370.0,0
2026-04-20 19:00:00+09:00,57370.0,57370.0,57370.0,57370.0,0
2026-04-20 19:05:00+09:00,57370.0,57370.0,57370.0,57370.0,0
2026-04-20 19:10:00+09:00,57370.0,57370.0,57370.0,57370.0,0
2026-04-20 19:15:00+09:00,57370.0,57370.0,57370.0,57370.0,0
2026-04-20 19:20:00+09:00,57370.0,57370.0,57370.0,57370.0,0
2026-04-20 19:25:00+09:00,57370.0,57370.0,57370.0,57370.0,0
2026-04-20 19:30:00+09:00,57370.0,57370.0,57370.0,57370.0,0
2026-04-20 19:35:00+09:00,57370.0,57370.0,57370.0,57370.0,0
2026-04-20 19:40:00+09:00,57370.0,57370.0,57370.0,57370.0,0
2026-04-20 19:45:00+09:00,57370.0,57370.0,57370.0,57370.0,0
2026-04-20 19:50:00+09:00,57370.0,57370.0,57370.0,57370.0,0
2026-04-20 19:55:00+09:00,57370.0,57370.0,57370.0,57370.0,0
2026-04-20 20:00:00+09:00,57370.0,57370.0,57370.0,57370.0,0
2026-04-20 20:05:00+09:00,57370.0,57370.0,57370.0,57370.0,0
2026-04-20 20:10:00+09:00,57370.0,57370.0,57370.0,57370.0,0
2026-04-20 20:15:00+09:00,57370.0,57370.0,57370.0,57370.0,0
2026-04-20 20:20:00+09:00,57370.0,57370.0,57370.0,57370.0,0
2026-04-20 20:25:00+09:00,57370.0,57370.0,57370.0,57370.0,0
2026-04-20 20:30:00+09:00,57370.0,57370.0,57370.0,57370.0,0
2026-04-20 20:35:00+09:00,57370.0,57370.0,57370.0,57370.0,0
2026-04-20 20:40:00+09:00,57370.0,57370.0,57370.0,57370.0,0
2026-04-20 20:45:00+09:00,57370.0,57370.0,57370.0,57370.0,0
2026-04-20 20:50:00+09:00,57370.0,57370.0,57370.0,57370.0,0
2026-04-20 20:55:00+09:00,57370.0,57370.0,57370.0,57370.0,0
2026-04-20 21:00:00+09:00,57370.0,57370.0,57370.0,57370.0,0
2026-04-20 21:05:00+09:00,57370.0,57370.0,57370.0,57370.0,0
2026-04-20 21:10:00+09:00,57370.0,57370.0,57370.0,57370.0,0
2026-04-20 21:15:00+09:00,57370.0,57370.0,57370.0,57370.0,0
2026-04-20 21:20:00+09:00,57370.0,57370.0,57370.0,57370.0,0
2026-04-20 21:25:00+09:00,57370.0,57370.0,57370.0,57370.0,0
2026-04-20 21:30:00+09:00,57370.0,57370.0,57370.0,57370.0,0
2026-04-20 21:35:00+09:00,57370.0,57370.0,57370.0,57370.0,0
2026-04-20 21:40:00+09:00,57370.0,57370.0,57370.0,57370.0,0
2026-04-20 21:45:00+09:00,57370.0,57370.0,57370.0,57370.0,0
2026-04-20 21:50:00+09:00,57370.0,57370.0,57370.0,57370.0,0
2026-04-20 21:55:00+09:00,57370.0,57370.0,57370.0,57370.0,0
2026-04-20 22:00:00+09:00,57370.0,57370.0,57370.0,57370.0,0
2026-04-20 22:05:00+09:00,57370.0,57370.0,57370.0,57370.0,0
2026-04-20 22:10:00+09:00,57370.0,57370.0,57370.0,57370.0,0
2026-04-20 22:15:00+09:00,57370.0,57370.0,57370.0,57370.0,0
2026-04-20 22:20:00+09:00,57370.0,57370.0,57370.0,57370.0,0
2026-04-20 22:25:00+09:00,57370.0,57370.0,57370.0,57370.0,0
2026-04-20 22:30:00+09:00,57370.0,57370.0,57370.0,57370.0,0
2026-04-20 22:35:00+09:00,57370.0,57370.0,57370.0,57370.0,0
2026-04-20 22:40:00+09:00,57370.0,57370.0,57370.0,57370.0,0
2026-04-20 22:45:00+09:00,57370.0,57370.0,57370.0,57370.0,0
2026-04-20 22:50:00+09:00,57370.0,57370.0,57370.0,57370.0,0
2026-04-20 22:55:00+09:00,57370.0,57370.0,57370.0,57370.0,0
2026-04-20 23:00:00+09:00,57370.0,57370.0,57370.0,57370.0,0
2026-04-20 23:05:00+09:00,57370.0,57370.0,57370.0,57370.0,0
2026-04-20 23:10:00+09:00,57370.0,57370.0,57370.0,57370.0,0
2026-04-20 23:15:00+09:00,57370.0,57370.0,57370.0,57370.0,0
2026-04-20 23:20:00+09:00,57370.0,57370.0,57370.0,57370.0,0
2026-04-20 23:25:00+09:00,57370.0,57370.0,57370.0,57370.0,0
2026-04-20 23:30:00+09:00,57370.0,57370.0,57370.0,57370.0,0
2026-04-20 23:35:00+09:00,57370.0,57370.0,57370.0,57370.0,0
2026-04-20 23:40:00+09:00,57370.0,57370.0,57370.0,57370.0,0
2026-04-20 23:45:00+09:00,57370.0,57370.0,57370.0,57370.0,0
2026-04-21 03:00:00+09:00,57370.0,57370.0,57370.0,57370.0,0
2026-04-21 03:05:00+09:00,57370.0,57370.0,57370.0,57370.0,0
2026-04-21 03:10:00+09:00,57370.0,57370.0,57370.0,57370.0,0
2026-04-21 03:15:00+09:00,57370.0,57370.0,57370.0,57370.0,0
2026-04-21 03:20:00+09:00,57370.0,57370.0,57370.0,57370.0,0
2026-04-21 03:25:00+09:00,57370.0,57370.0,57370.0,57370.0,0
2026-04-21 03:30:00+09:00,57370.0,57370.0,57370.0,57370.0,0
2026-04-21 03:35:00+09:00,57370.0,57370.0,57370.0,57370.0,0
2026-04-21 03:40:00+09:00,57370.0,57370.0,57370.0,57370.0,0
2026-04-21 03:45:00+09:00,57370.0,57370.0,57370.0,57370.0,0
2026-04-21 03:50:00+09:00,57370.0,57370.0,57370.0,57370.0,0
2026-04-21 03:55:00+09:00,57370.0,57370.0,57370.0,57370.0,0
2026-04-21 04:00:00+09:00,57370.0,57370.0,57370.0,57370.0,0
2026-04-21 04:05:00+09:00,57370.0,57370.0,57370.0,57370.0,0
2026-04-21 04:10:00+09:00,57370.0,57370.0,57370.0,57370.0,0
2026-04-21 04:15:00+09:00,57370.0,57370.0,57370.0,57370.0,0
2026-04-21 04:20:00+09:00,57370.0,57370.0,57370.0,57370.0,0
2026-04-21 04:25:00+09:00,57370.0,57370.0,57370.0,57370.0,0
2026-04-21 04:30:00+09:00,57370.0,57370.0,57370.0,57370.0,0
2026-04-21 04:35:00+09:00,57370.0,57370.0,57370.0,57370.0,0
2026-04-21 04:40:00+09:00,57370.0,57370.0,57370.0,57370.0,0
2026-04-21 04:45:00+09:00,57370.0,57370.0,57370.0,57370.0,0
2026-04-21 04:50:00+09:00,57370.0,57370.0,57370.0,57370.0,0
2026-04-21 04:55:00+09:00,57370.0,57370.0,57370.0,57370.0,0
2026-04-21 05:00:00+09:00,57370.0,57370.0,57370.0,57370.0,0
2026-04-21 05:05:00+09:00,57370.0,57370.0,57370.0,57370.0,0
2026-04-21 05:10:00+09:00,57370.0,57370.0,57370.0,57370.0,0
2026-04-21 05:15:00+09:00,57370.0,57370.0,57370.0,57370.0,0
2026-04-21 05:20:00+09:00,57370.0,57370.0,57370.0,57370.0,0
2026-04-21 05:25:00+09:00,57370.0,57370.0,57370.0,57370.0,0
2026-04-21 05:30:00+09:00,57370.0,57370.0,57370.0,57370.0,0
2026-04-21 05:35:00+09:00,57370.0,57370.0,57370.0,57370.0,0
2026-04-21 05:40:00+09:00,57370.0,57370.0,57370.0,57370.0,0
2026-04-21 05:45:00+09:00,57370.0,57370.0,57370.0,57370.0,0
2026-04-21 05:50:00+09:00,57370.0,57370.0,57370.0,57370.0,0
2026-04-21 08:45:00+09:00,58185.0,58185.0,58095.0,58095.0,0
2026-04-21 08:50:00+09:00,58095.0,58095.0,57955.0,57985.0,0
2026-04-21 08:55:00+09:00,57995.0,57995.0,57795.0,57795.0,0
2026-04-21 09:00:00+09:00,57795.0,58180.0,57795.0,58060.0,184407
2026-04-21 09:05:00+09:00,58200.0,58360.0,58180.0,58360.0,48601
2026-04-21 09:10:00+09:00,58360.0,58540.0,58350.0,58370.0,165440
2026-04-21 09:15:00+09:00,58340.0,58480.0,58230.0,58310.0,116244
2026-04-21 09:20:00+09:00,58300.0,58420.0,58270.0,58270.0,63092
2026-04-21 09:25:00+09:00,58270.0,58350.0,58180.0,58270.0,84098
2026-04-21 09:30:00+09:00,58280.0,58290.0,58170.0,58180.0,50196
2026-04-21 09:35:00+09:00,58170.0,58370.0,58150.0,58360.0,58035
2026-04-21 09:40:00+09:00,58370.0,58630.0,58370.0,58560.0,148003
2026-04-21 09:45:00+09:00,58560.0,58750.0,58480.0,58660.0,134050
2026-04-21 09:50:00+09:00,58670.0,58680.0,58570.0,58640.0,52247
2026-04-21 09:55:00+09:00,58640.0,58750.0,58630.0,58680.0,67107
2026-04-21 10:00:00+09:00,58680.0,58680.0,58550.0,58600.0,50305
2026-04-21 10:05:00+09:00,58590.0,58670.0,58580.0,58590.0,46634
2026-04-21 10:10:00+09:00,58590.0,58590.0,58460.0,58470.0,58399
2026-04-21 10:15:00+09:00,58470.0,58520.0,58370.0,58500.0,43871
2026-04-21 10:20:00+09:00,58490.0,58650.0,58480.0,58600.0,57133
2026-04-21 10:25:00+09:00,58600.0,58780.0,58600.0,58780.0,86511
2026-04-21 10:30:00+09:00,58770.0,58870.0,58700.0,58730.0,93943
2026-04-21 10:35:00+09:00,58740.0,58770.0,58630.0,58630.0,34597
2026-04-21 10:40:00+09:00,58630.0,58660.0,58560.0,58660.0,36294
2026-04-21 10:45:00+09:00,58660.0,58670.0,58600.0,58600.0,34671
2026-04-21 10:50:00+09:00,58600.0,58680.0,58590.0,58650.0,23447
2026-04-21 10:55:00+09:00,58660.0,58660.0,58510.0,58590.0,42562
2026-04-21 11:00:00+09:00,58590.0,58600.0,58500.0,58560.0,30516
2026-04-21 11:05:00+09:00,58560.0,58660.0,58560.0,58660.0,40157
2026-04-21 11:10:00+09:00,58660.0,58690.0,58630.0,58660.0,24110
2026-04-21 11:15:00+09:00,58660.0,58730.0,58620.0,58690.0,30368
2026-04-21 11:20:00+09:00,58690.0,58820.0,58630.0,58800.0,60798
2026-04-21 11:25:00+09:00,58800.0,58920.0,58780.0,58890.0,77771
2026-04-21 11:30:00+09:00,58910.0,58910.0,58910.0,58910.0,1859
2026-04-21 11:35:00+09:00,58910.0,58910.0,58910.0,58910.0,0
2026-04-21 11:40:00+09:00,58910.0,58910.0,58910.0,58910.0,0
2026-04-21 11:45:00+09:00,58910.0,58910.0,58910.0,58910.0,0
2026-04-21 11:50:00+09:00,58910.0,58910.0,58910.0,58910.0,0
2026-04-21 11:55:00+09:00,58910.0,58910.0,58910.0,58910.0,0
2026-04-21 12:00:00+09:00,58910.0,58910.0,58910.0,58910.0,0
2026-04-21 12:05:00+09:00,58910.0,58910.0,58910.0,58910.0,0
2026-04-21 12:10:00+09:00,58910.0,58910.0,58910.0,58910.0,0
2026-04-21 12:15:00+09:00,58910.0,58910.0,58910.0,58910.0,0
2026-04-21 12:20:00+09:00,58910.0,58910.0,58910.0,58910.0,0
2026-04-21 12:25:00+09:00,58910.0,58910.0,58910.0,58910.0,0
2026-04-21 12:30:00+09:00,58910.0,58910.0,58640.0,58660.0,73372
2026-04-21 12:35:00+09:00,58660.0,58700.0,58630.0,58690.0,33376
2026-04-21 12:40:00+09:00,58690.0,58700.0,58590.0,58610.0,31644
2026-04-21 12:45:00+09:00,58610.0,58700.0,58590.0,58690.0,34141
2026-04-21 12:50:00+09:00,58690.0,58830.0,58680.0,58800.0,45337
2026-04-21 12:55:00+09:00,58800.0,58800.0,58710.0,58760.0,32609
2026-04-21 13:00:00+09:00,58770.0,58890.0,58770.0,58890.0,41732
2026-04-21 13:05:00+09:00,58890.0,58930.0,58870.0,58870.0,44132
2026-04-21 13:10:00+09:00,58870.0,58890.0,58800.0,58810.0,16103
2026-04-21 13:15:00+09:00,58810.0,58840.0,58780.0,58810.0,14744
2026-04-21 13:20:00+09:00,58810.0,58880.0,58810.0,58870.0,15203
2026-04-21 13:25:00+09:00,58870.0,58910.0,58840.0,58860.0,29648
2026-04-21 13:30:00+09:00,58860.0,58930.0,58850.0,58880.0,38281
2026-04-21 13:35:00+09:00,58880.0,58880.0,58820.0,58830.0,12448
2026-04-21 13:40:00+09:00,58830.0,58830.0,58830.0,58830.0,0
