system,signal_dt,entry_dt,exit_dt,year,month,pnl_pt,pnl_yen,result
②,2023-10-04 09:15:00,2023-10-04 09:20:00,2023-10-04 09:20:00,2023,10,-62.2,-622.0,SL
②,2023-10-04 09:20:00,2023-10-04 09:25:00,2023-10-04 09:45:00,2023,10,-62.2,-622.0,SL
②,2023-10-04 23:00:00,2023-10-04 23:05:00,2023-10-04 23:10:00,2023,10,-62.2,-622.0,SL
②,2023-10-10 02:40:00,2023-10-10 02:45:00,2023-10-10 09:05:00,2023,10,237.8,2378.0,TP
②,2023-10-10 08:50:00,2023-10-10 08:55:00,2023-10-10 09:20:00,2023,10,237.8,2378.0,TP
②,2023-10-10 08:55:00,2023-10-10 09:00:00,2023-10-10 09:20:00,2023,10,237.8,2378.0,TP
②,2023-10-10 09:00:00,2023-10-10 09:05:00,2023-10-10 09:45:00,2023,10,237.8,2378.0,TP
②,2023-10-10 09:05:00,2023-10-10 09:10:00,2023-10-10 10:10:00,2023,10,237.8,2378.0,TP
②,2023-10-10 09:10:00,2023-10-10 09:15:00,2023-10-10 11:25:00,2023,10,237.8,2378.0,TP
②,2023-10-10 09:15:00,2023-10-10 09:20:00,2023-10-10 13:25:00,2023,10,172.8,1728.0,TIME
②,2023-10-10 09:20:00,2023-10-10 09:25:00,2023-10-10 13:30:00,2023,10,172.8,1728.0,TIME
②,2023-10-10 09:25:00,2023-10-10 09:30:00,2023-10-10 13:35:00,2023,10,127.8,1278.0,TIME
②,2023-10-10 22:40:00,2023-10-10 22:45:00,2023-10-10 23:05:00,2023,10,-62.2,-622.0,SL
②,2023-10-10 22:45:00,2023-10-10 22:50:00,2023-10-10 23:05:00,2023,10,-62.2,-622.0,SL
②,2023-10-10 22:55:00,2023-10-10 23:00:00,2023-10-10 23:00:00,2023,10,-62.2,-622.0,SL
②,2023-10-10 23:00:00,2023-10-10 23:05:00,2023-10-10 23:40:00,2023,10,-62.2,-622.0,SL
②,2023-10-11 08:55:00,2023-10-11 09:00:00,2023-10-11 13:05:00,2023,10,137.8,1378.0,TIME
②,2023-10-11 09:00:00,2023-10-11 09:05:00,2023-10-11 09:05:00,2023,10,-62.2,-622.0,SL
②,2023-10-11 09:05:00,2023-10-11 09:10:00,2023-10-11 13:15:00,2023,10,177.8,1778.0,TIME
②,2023-10-11 09:10:00,2023-10-11 09:15:00,2023-10-11 13:20:00,2023,10,197.8,1978.0,TIME
②,2023-10-11 23:00:00,2023-10-11 23:05:00,2023-10-12 03:10:00,2023,10,62.8,628.0,TIME
②,2023-10-11 23:15:00,2023-10-11 23:20:00,2023-10-12 03:25:00,2023,10,17.8,178.0,TIME
②,2023-10-17 08:45:00,2023-10-17 08:50:00,2023-10-17 10:30:00,2023,10,-62.2,-622.0,SL
②,2023-10-17 08:50:00,2023-10-17 08:55:00,2023-10-17 10:30:00,2023,10,-62.2,-622.0,SL
②,2023-10-17 08:55:00,2023-10-17 09:00:00,2023-10-17 10:25:00,2023,10,-62.2,-622.0,SL
②,2023-10-17 09:00:00,2023-10-17 09:05:00,2023-10-17 09:50:00,2023,10,-62.2,-622.0,SL
②,2023-10-17 09:05:00,2023-10-17 09:10:00,2023-10-17 09:35:00,2023,10,-62.2,-622.0,SL
②,2023-10-17 09:10:00,2023-10-17 09:15:00,2023-10-17 09:20:00,2023,10,-62.2,-622.0,SL
②,2023-10-17 09:15:00,2023-10-17 09:20:00,2023-10-17 09:20:00,2023,10,-62.2,-622.0,SL
②,2023-10-17 09:20:00,2023-10-17 09:25:00,2023-10-17 09:45:00,2023,10,-62.2,-622.0,SL
②,2023-10-17 09:25:00,2023-10-17 09:30:00,2023-10-17 09:35:00,2023,10,-62.2,-622.0,SL
②,2023-10-17 20:00:00,2023-10-17 20:05:00,2023-10-17 23:10:00,2023,10,237.8,2378.0,TP
②,2023-10-17 20:45:00,2023-10-17 20:50:00,2023-10-17 23:25:00,2023,10,237.8,2378.0,TP
②,2023-10-17 21:50:00,2023-10-17 21:55:00,2023-10-17 23:25:00,2023,10,237.8,2378.0,TP
②,2023-10-17 22:30:00,2023-10-17 22:35:00,2023-10-17 23:35:00,2023,10,237.8,2378.0,TP
②,2023-10-17 22:35:00,2023-10-17 22:40:00,2023-10-17 23:35:00,2023,10,237.8,2378.0,TP
②,2023-10-17 22:45:00,2023-10-17 22:50:00,2023-10-17 23:40:00,2023,10,237.8,2378.0,TP
②,2023-10-17 22:50:00,2023-10-17 22:55:00,2023-10-18 00:30:00,2023,10,237.8,2378.0,TP
②,2023-10-17 23:10:00,2023-10-17 23:15:00,2023-10-18 00:45:00,2023,10,237.8,2378.0,TP
②,2023-10-24 08:45:00,2023-10-24 08:50:00,2023-10-24 09:10:00,2023,10,-62.2,-622.0,SL
②,2023-10-24 08:50:00,2023-10-24 08:55:00,2023-10-24 09:10:00,2023,10,-62.2,-622.0,SL
②,2023-10-24 08:55:00,2023-10-24 09:00:00,2023-10-24 09:10:00,2023,10,-62.2,-622.0,SL
②,2023-10-24 09:00:00,2023-10-24 09:05:00,2023-10-24 09:05:00,2023,10,-62.2,-622.0,SL
②,2023-10-24 09:05:00,2023-10-24 09:10:00,2023-10-24 09:10:00,2023,10,-62.2,-622.0,SL
②,2023-10-24 09:10:00,2023-10-24 09:15:00,2023-10-24 09:15:00,2023,10,-62.2,-622.0,SL
②,2023-10-24 21:25:00,2023-10-24 21:30:00,2023-10-24 22:40:00,2023,10,-62.2,-622.0,SL
②,2023-10-24 22:55:00,2023-10-24 23:00:00,2023-10-25 00:00:00,2023,10,237.8,2378.0,TP
②,2023-10-25 08:55:00,2023-10-25 09:00:00,2023-10-25 09:15:00,2023,10,-62.2,-622.0,SL
②,2023-10-25 09:00:00,2023-10-25 09:05:00,2023-10-25 09:05:00,2023,10,-62.2,-622.0,SL
②,2023-10-25 09:05:00,2023-10-25 09:10:00,2023-10-25 09:10:00,2023,10,-62.2,-622.0,SL
②,2023-10-25 09:10:00,2023-10-25 09:15:00,2023-10-25 13:20:00,2023,10,102.8,1028.0,TIME
②,2023-10-25 22:40:00,2023-10-25 22:45:00,2023-10-26 01:40:00,2023,10,-62.2,-622.0,SL
②,2023-10-25 23:00:00,2023-10-25 23:05:00,2023-10-26 01:40:00,2023,10,-62.2,-622.0,SL
②,2023-10-31 03:30:00,2023-10-31 03:35:00,2023-10-31 09:10:00,2023,10,-62.2,-622.0,SL
②,2023-10-31 08:50:00,2023-10-31 08:55:00,2023-10-31 09:05:00,2023,10,-62.2,-622.0,SL
②,2023-10-31 08:55:00,2023-10-31 09:00:00,2023-10-31 09:05:00,2023,10,-62.2,-622.0,SL
②,2023-10-31 09:00:00,2023-10-31 09:05:00,2023-10-31 09:05:00,2023,10,-62.2,-622.0,SL
②,2023-10-31 09:05:00,2023-10-31 09:10:00,2023-10-31 12:25:00,2023,10,237.8,2378.0,TP
②,2023-10-31 12:35:00,2023-10-31 12:40:00,2023-10-31 13:05:00,2023,10,237.8,2378.0,TP
②,2023-10-31 12:40:00,2023-10-31 12:45:00,2023-10-31 12:45:00,2023,10,-62.2,-622.0,SL
②,2023-10-31 13:05:00,2023-10-31 13:10:00,2023-10-31 13:10:00,2023,10,-62.2,-622.0,SL
②,2023-11-01 09:00:00,2023-11-01 09:05:00,2023-11-01 09:55:00,2023,11,-62.2,-622.0,SL
②,2023-11-01 09:05:00,2023-11-01 09:10:00,2023-11-01 09:25:00,2023,11,-62.2,-622.0,SL
②,2023-11-01 09:10:00,2023-11-01 09:15:00,2023-11-01 09:25:00,2023,11,-62.2,-622.0,SL
②,2023-11-01 09:15:00,2023-11-01 09:20:00,2023-11-01 09:20:00,2023,11,-62.2,-622.0,SL
②,2023-11-01 09:20:00,2023-11-01 09:25:00,2023-11-01 09:25:00,2023,11,-62.2,-622.0,SL
②,2023-11-01 09:25:00,2023-11-01 09:30:00,2023-11-01 09:40:00,2023,11,-62.2,-622.0,SL
②,2023-11-01 17:35:00,2023-11-01 17:40:00,2023-11-01 21:10:00,2023,11,237.8,2378.0,TP
②,2023-11-01 21:15:00,2023-11-01 21:20:00,2023-11-01 21:35:00,2023,11,-62.2,-622.0,SL
②,2023-11-01 23:15:00,2023-11-01 23:20:00,2023-11-01 23:35:00,2023,11,-62.2,-622.0,SL
②,2023-11-07 21:40:00,2023-11-07 21:45:00,2023-11-07 23:35:00,2023,11,-62.2,-622.0,SL
②,2023-11-08 05:50:00,2023-11-08 05:55:00,2023-11-08 09:10:00,2023,11,-62.2,-622.0,SL
②,2023-11-08 08:55:00,2023-11-08 09:00:00,2023-11-08 09:05:00,2023,11,-62.2,-622.0,SL
②,2023-11-08 22:05:00,2023-11-08 22:10:00,2023-11-09 00:55:00,2023,11,-62.2,-622.0,SL
②,2023-11-08 22:35:00,2023-11-08 22:40:00,2023-11-09 00:40:00,2023,11,-62.2,-622.0,SL
②,2023-11-14 08:55:00,2023-11-14 09:00:00,2023-11-14 09:00:00,2023,11,-62.2,-622.0,SL
②,2023-11-14 09:00:00,2023-11-14 09:05:00,2023-11-14 09:15:00,2023,11,-62.2,-622.0,SL
②,2023-11-14 23:30:00,2023-11-14 23:35:00,2023-11-15 00:00:00,2023,11,237.8,2378.0,TP
②,2023-11-15 09:00:00,2023-11-15 09:05:00,2023-11-15 09:15:00,2023,11,-62.2,-622.0,SL
②,2023-11-15 09:05:00,2023-11-15 09:10:00,2023-11-15 11:45:00,2023,11,237.8,2378.0,TP
②,2023-11-15 09:30:00,2023-11-15 09:35:00,2023-11-15 13:40:00,2023,11,157.8,1578.0,TIME
②,2023-11-15 22:30:00,2023-11-15 22:35:00,2023-11-16 00:00:00,2023,11,237.8,2378.0,TP
②,2023-11-15 22:35:00,2023-11-15 22:40:00,2023-11-16 00:00:00,2023,11,237.8,2378.0,TP
②,2023-11-15 22:40:00,2023-11-15 22:45:00,2023-11-16 00:00:00,2023,11,237.8,2378.0,TP
②,2023-11-15 22:45:00,2023-11-15 22:50:00,2023-11-16 00:00:00,2023,11,237.8,2378.0,TP
②,2023-11-15 22:50:00,2023-11-15 22:55:00,2023-11-16 00:00:00,2023,11,237.8,2378.0,TP
②,2023-11-15 22:55:00,2023-11-15 23:00:00,2023-11-16 00:00:00,2023,11,237.8,2378.0,TP
②,2023-11-21 03:10:00,2023-11-21 03:15:00,2023-11-21 10:00:00,2023,11,-62.2,-622.0,SL
②,2023-11-21 03:40:00,2023-11-21 03:45:00,2023-11-21 09:55:00,2023,11,-62.2,-622.0,SL
②,2023-11-21 03:50:00,2023-11-21 03:55:00,2023-11-21 09:55:00,2023,11,-62.2,-622.0,SL
②,2023-11-21 05:20:00,2023-11-21 05:25:00,2023-11-21 06:00:00,2023,11,-62.2,-622.0,SL
②,2023-11-22 03:50:00,2023-11-22 03:55:00,2023-11-22 04:50:00,2023,11,-62.2,-622.0,SL
②,2023-11-22 03:55:00,2023-11-22 04:00:00,2023-11-22 08:45:00,2023,11,-62.2,-622.0,SL
②,2023-11-22 09:10:00,2023-11-22 09:15:00,2023-11-22 10:25:00,2023,11,237.8,2378.0,TP
②,2023-11-22 09:15:00,2023-11-22 09:20:00,2023-11-22 13:25:00,2023,11,42.8,428.0,TIME
②,2023-11-22 09:20:00,2023-11-22 09:25:00,2023-11-22 13:30:00,2023,11,47.8,478.0,TIME
②,2023-11-29 09:10:00,2023-11-29 09:15:00,2023-11-29 09:50:00,2023,11,-62.2,-622.0,SL
②,2023-12-05 05:15:00,2023-12-05 05:20:00,2023-12-05 08:45:00,2023,12,-62.2,-622.0,SL
②,2023-12-05 06:00:00,2023-12-05 08:45:00,2023-12-05 09:30:00,2023,12,-62.2,-622.0,SL
②,2023-12-05 13:10:00,2023-12-05 13:15:00,2023-12-05 13:40:00,2023,12,-62.2,-622.0,SL
②,2023-12-05 23:40:00,2023-12-05 23:45:00,2023-12-05 23:55:00,2023,12,-62.2,-622.0,SL
②,2023-12-06 08:50:00,2023-12-06 08:55:00,2023-12-06 09:20:00,2023,12,237.8,2378.0,TP
②,2023-12-06 08:55:00,2023-12-06 09:00:00,2023-12-06 09:20:00,2023,12,237.8,2378.0,TP
②,2023-12-06 09:00:00,2023-12-06 09:05:00,2023-12-06 09:25:00,2023,12,237.8,2378.0,TP
②,2023-12-06 09:05:00,2023-12-06 09:10:00,2023-12-06 10:45:00,2023,12,237.8,2378.0,TP
②,2023-12-06 09:10:00,2023-12-06 09:15:00,2023-12-06 11:25:00,2023,12,237.8,2378.0,TP
②,2023-12-06 09:15:00,2023-12-06 09:20:00,2023-12-06 13:25:00,2023,12,192.8,1928.0,TIME
②,2023-12-06 09:20:00,2023-12-06 09:25:00,2023-12-06 13:30:00,2023,12,177.8,1778.0,TIME
②,2023-12-06 09:25:00,2023-12-06 09:30:00,2023-12-06 13:35:00,2023,12,162.8,1628.0,TIME
②,2023-12-12 08:50:00,2023-12-12 08:55:00,2023-12-12 08:55:00,2023,12,-62.2,-622.0,SL
②,2023-12-12 08:55:00,2023-12-12 09:00:00,2023-12-12 09:10:00,2023,12,-62.2,-622.0,SL
②,2023-12-12 09:00:00,2023-12-12 09:05:00,2023-12-12 09:10:00,2023,12,-62.2,-622.0,SL
②,2023-12-12 09:05:00,2023-12-12 09:10:00,2023-12-12 09:10:00,2023,12,-62.2,-622.0,SL
②,2023-12-12 21:30:00,2023-12-12 21:35:00,2023-12-13 00:00:00,2023,12,-62.2,-622.0,SL
②,2023-12-12 22:15:00,2023-12-12 22:20:00,2023-12-13 00:00:00,2023,12,-62.2,-622.0,SL
②,2023-12-12 23:55:00,2023-12-13 00:00:00,2023-12-13 04:05:00,2023,12,77.8,778.0,TIME
②,2023-12-13 03:45:00,2023-12-13 03:50:00,2023-12-13 10:35:00,2023,12,162.8,1628.0,TIME
②,2023-12-13 03:50:00,2023-12-13 03:55:00,2023-12-13 10:40:00,2023,12,132.8,1328.0,TIME
②,2023-12-13 08:55:00,2023-12-13 09:00:00,2023-12-13 13:05:00,2023,12,-32.2,-322.0,TIME
②,2023-12-13 09:00:00,2023-12-13 09:05:00,2023-12-13 13:10:00,2023,12,-7.2,-72.0,TIME
②,2023-12-13 09:15:00,2023-12-13 09:20:00,2023-12-13 13:10:00,2023,12,-62.2,-622.0,SL
②,2023-12-13 09:20:00,2023-12-13 09:25:00,2023-12-13 09:30:00,2023,12,-62.2,-622.0,SL
②,2023-12-13 09:25:00,2023-12-13 09:30:00,2023-12-13 09:30:00,2023,12,-62.2,-622.0,SL
②,2023-12-13 09:30:00,2023-12-13 09:35:00,2023-12-13 13:10:00,2023,12,-62.2,-622.0,SL
②,2023-12-13 22:30:00,2023-12-13 22:35:00,2023-12-13 23:45:00,2023,12,-62.2,-622.0,SL
②,2023-12-13 22:35:00,2023-12-13 22:40:00,2023-12-13 22:40:00,2023,12,-62.2,-622.0,SL
②,2023-12-13 22:40:00,2023-12-13 22:45:00,2023-12-14 01:05:00,2023,12,-62.2,-622.0,SL
②,2023-12-19 05:25:00,2023-12-19 05:30:00,2023-12-19 09:00:00,2023,12,-62.2,-622.0,SL
②,2023-12-19 08:50:00,2023-12-19 08:55:00,2023-12-19 09:00:00,2023,12,-62.2,-622.0,SL
②,2023-12-19 21:10:00,2023-12-19 21:15:00,2023-12-19 23:35:00,2023,12,-62.2,-622.0,SL
②,2023-12-20 05:35:00,2023-12-20 05:40:00,2023-12-20 09:00:00,2023,12,237.8,2378.0,TP
②,2023-12-20 06:00:00,2023-12-20 08:45:00,2023-12-20 08:45:00,2023,12,-62.2,-622.0,SL
②,2023-12-20 08:45:00,2023-12-20 08:50:00,2023-12-20 09:00:00,2023,12,237.8,2378.0,TP
②,2023-12-20 08:50:00,2023-12-20 08:55:00,2023-12-20 10:15:00,2023,12,237.8,2378.0,TP
②,2023-12-20 08:55:00,2023-12-20 09:00:00,2023-12-20 10:15:00,2023,12,237.8,2378.0,TP
②,2023-12-20 09:00:00,2023-12-20 09:05:00,2023-12-20 09:10:00,2023,12,-62.2,-622.0,SL
②,2023-12-20 09:05:00,2023-12-20 09:10:00,2023-12-20 13:15:00,2023,12,87.8,878.0,TIME
②,2023-12-20 09:10:00,2023-12-20 09:15:00,2023-12-20 13:20:00,2023,12,117.8,1178.0,TIME
②,2023-12-20 09:20:00,2023-12-20 09:25:00,2023-12-20 13:30:00,2023,12,137.8,1378.0,TIME
②,2023-12-26 05:40:00,2023-12-26 05:45:00,2023-12-26 09:10:00,2023,12,-62.2,-622.0,SL
②,2023-12-26 08:50:00,2023-12-26 08:55:00,2023-12-26 09:00:00,2023,12,-62.2,-622.0,SL
②,2023-12-26 08:55:00,2023-12-26 09:00:00,2023-12-26 09:00:00,2023,12,-62.2,-622.0,SL
②,2023-12-26 09:00:00,2023-12-26 09:05:00,2023-12-26 09:10:00,2023,12,-62.2,-622.0,SL
②,2023-12-27 00:10:00,2023-12-27 00:15:00,2023-12-27 04:20:00,2023,12,97.8,978.0,TIME
②,2023-12-27 00:15:00,2023-12-27 00:20:00,2023-12-27 04:25:00,2023,12,107.8,1078.0,TIME
②,2023-12-27 00:20:00,2023-12-27 00:25:00,2023-12-27 04:30:00,2023,12,117.8,1178.0,TIME
②,2023-12-27 00:25:00,2023-12-27 00:30:00,2023-12-27 04:35:00,2023,12,122.8,1228.0,TIME
②,2023-12-27 00:55:00,2023-12-27 01:00:00,2023-12-27 05:05:00,2023,12,142.8,1428.0,TIME
②,2023-12-27 01:00:00,2023-12-27 01:05:00,2023-12-27 05:10:00,2023,12,147.8,1478.0,TIME
②,2023-12-27 04:35:00,2023-12-27 04:40:00,2023-12-27 10:15:00,2023,12,237.8,2378.0,TP
②,2023-12-27 04:40:00,2023-12-27 04:45:00,2023-12-27 10:15:00,2023,12,237.8,2378.0,TP
②,2023-12-27 04:50:00,2023-12-27 04:55:00,2023-12-27 10:15:00,2023,12,237.8,2378.0,TP
②,2023-12-27 05:05:00,2023-12-27 05:10:00,2023-12-27 11:55:00,2023,12,87.8,878.0,TIME
②,2023-12-27 05:25:00,2023-12-27 05:30:00,2023-12-27 08:45:00,2023,12,-62.2,-622.0,SL
②,2023-12-27 09:00:00,2023-12-27 09:05:00,2023-12-27 13:10:00,2023,12,82.8,828.0,TIME
②,2023-12-27 09:05:00,2023-12-27 09:10:00,2023-12-27 13:15:00,2023,12,87.8,878.0,TIME
②,2023-12-27 09:10:00,2023-12-27 09:15:00,2023-12-27 13:20:00,2023,12,102.8,1028.0,TIME
②,2023-12-27 09:15:00,2023-12-27 09:20:00,2023-12-27 13:25:00,2023,12,62.8,628.0,TIME
②,2023-12-27 09:20:00,2023-12-27 09:25:00,2023-12-27 11:45:00,2023,12,-62.2,-622.0,SL
②,2023-12-27 12:40:00,2023-12-27 12:45:00,2023-12-27 16:30:00,2023,12,-62.2,-622.0,SL
②,2023-12-27 23:30:00,2023-12-27 23:35:00,2023-12-28 00:00:00,2023,12,237.8,2378.0,TP
②,2023-12-27 23:35:00,2023-12-27 23:40:00,2023-12-28 00:00:00,2023,12,237.8,2378.0,TP
②,2023-12-27 23:40:00,2023-12-27 23:45:00,2023-12-28 00:00:00,2023,12,237.8,2378.0,TP
②,2023-12-27 23:45:00,2023-12-27 23:50:00,2023-12-28 00:00:00,2023,12,237.8,2378.0,TP
②,2024-01-03 05:20:00,2024-01-03 05:25:00,2024-01-03 05:45:00,2024,1,-62.2,-622.0,SL
②,2024-01-03 16:30:00,2024-01-03 16:35:00,2024-01-03 20:40:00,2024,1,67.8,678.0,TIME
②,2024-01-09 00:00:00,2024-01-09 00:05:00,2024-01-09 00:20:00,2024,1,-62.2,-622.0,SL
②,2024-01-09 00:05:00,2024-01-09 00:10:00,2024-01-09 00:15:00,2024,1,-62.2,-622.0,SL
②,2024-01-09 00:10:00,2024-01-09 00:15:00,2024-01-09 00:20:00,2024,1,-62.2,-622.0,SL
②,2024-01-09 09:00:00,2024-01-09 09:05:00,2024-01-09 12:10:00,2024,1,-62.2,-622.0,SL
②,2024-01-09 09:05:00,2024-01-09 09:10:00,2024-01-09 09:10:00,2024,1,-62.2,-622.0,SL
②,2024-01-09 09:10:00,2024-01-09 09:15:00,2024-01-09 10:50:00,2024,1,-62.2,-622.0,SL
②,2024-01-09 09:15:00,2024-01-09 09:20:00,2024-01-09 09:25:00,2024,1,-62.2,-622.0,SL
②,2024-01-09 22:30:00,2024-01-09 22:35:00,2024-01-09 23:55:00,2024,1,237.8,2378.0,TP
②,2024-01-09 22:35:00,2024-01-09 22:40:00,2024-01-09 23:55:00,2024,1,237.8,2378.0,TP
②,2024-01-09 22:40:00,2024-01-09 22:45:00,2024-01-10 00:00:00,2024,1,237.8,2378.0,TP
②,2024-01-09 22:45:00,2024-01-09 22:50:00,2024-01-10 00:00:00,2024,1,237.8,2378.0,TP
②,2024-01-09 22:50:00,2024-01-09 22:55:00,2024-01-10 00:00:00,2024,1,237.8,2378.0,TP
②,2024-01-09 23:00:00,2024-01-09 23:05:00,2024-01-10 00:15:00,2024,1,237.8,2378.0,TP
②,2024-01-10 08:55:00,2024-01-10 09:00:00,2024-01-10 09:35:00,2024,1,237.8,2378.0,TP
②,2024-01-10 09:00:00,2024-01-10 09:05:00,2024-01-10 09:30:00,2024,1,237.8,2378.0,TP
②,2024-01-10 09:05:00,2024-01-10 09:10:00,2024-01-10 09:35:00,2024,1,237.8,2378.0,TP
②,2024-01-10 09:10:00,2024-01-10 09:15:00,2024-01-10 09:35:00,2024,1,237.8,2378.0,TP
②,2024-01-10 09:15:00,2024-01-10 09:20:00,2024-01-10 09:35:00,2024,1,237.8,2378.0,TP
②,2024-01-10 09:20:00,2024-01-10 09:25:00,2024-01-10 10:10:00,2024,1,237.8,2378.0,TP
②,2024-01-10 09:25:00,2024-01-10 09:30:00,2024-01-10 10:45:00,2024,1,237.8,2378.0,TP
②,2024-01-10 09:40:00,2024-01-10 09:45:00,2024-01-10 12:50:00,2024,1,237.8,2378.0,TP
②,2024-01-16 06:00:00,2024-01-16 08:45:00,2024-01-16 08:45:00,2024,1,-62.2,-622.0,SL
②,2024-01-16 23:15:00,2024-01-16 23:20:00,2024-01-17 00:00:00,2024,1,-62.2,-622.0,SL
②,2024-01-16 23:20:00,2024-01-16 23:25:00,2024-01-17 00:00:00,2024,1,-62.2,-622.0,SL
②,2024-01-16 23:55:00,2024-01-17 00:00:00,2024-01-17 00:00:00,2024,1,-62.2,-622.0,SL
②,2024-01-17 01:00:00,2024-01-17 01:05:00,2024-01-17 02:25:00,2024,1,-62.2,-622.0,SL
②,2024-01-17 08:50:00,2024-01-17 08:55:00,2024-01-17 08:55:00,2024,1,-62.2,-622.0,SL
②,2024-01-17 08:55:00,2024-01-17 09:00:00,2024-01-17 10:10:00,2024,1,237.8,2378.0,TP
②,2024-01-17 09:00:00,2024-01-17 09:05:00,2024-01-17 10:30:00,2024,1,237.8,2378.0,TP
②,2024-01-17 09:05:00,2024-01-17 09:10:00,2024-01-17 10:30:00,2024,1,237.8,2378.0,TP
②,2024-01-17 09:10:00,2024-01-17 09:15:00,2024-01-17 09:15:00,2024,1,-62.2,-622.0,SL
②,2024-01-17 09:15:00,2024-01-17 09:20:00,2024-01-17 10:40:00,2024,1,-62.2,-622.0,SL
②,2024-01-17 09:20:00,2024-01-17 09:25:00,2024-01-17 09:45:00,2024,1,-62.2,-622.0,SL
②,2024-01-17 20:45:00,2024-01-17 20:50:00,2024-01-18 00:00:00,2024,1,-62.2,-622.0,SL
②,2024-01-17 20:50:00,2024-01-17 20:55:00,2024-01-17 23:40:00,2024,1,-62.2,-622.0,SL
②,2024-01-17 21:05:00,2024-01-17 21:10:00,2024-01-17 22:50:00,2024,1,-62.2,-622.0,SL
②,2024-01-17 21:15:00,2024-01-17 21:20:00,2024-01-17 23:40:00,2024,1,-62.2,-622.0,SL
②,2024-01-17 21:20:00,2024-01-17 21:25:00,2024-01-17 23:40:00,2024,1,-62.2,-622.0,SL
②,2024-01-23 09:10:00,2024-01-23 09:15:00,2024-01-23 09:15:00,2024,1,-62.2,-622.0,SL
②,2024-01-23 09:15:00,2024-01-23 09:20:00,2024-01-23 12:05:00,2024,1,237.8,2378.0,TP
②,2024-01-23 09:25:00,2024-01-23 09:30:00,2024-01-23 12:05:00,2024,1,237.8,2378.0,TP
②,2024-01-23 23:20:00,2024-01-23 23:25:00,2024-01-24 00:00:00,2024,1,-62.2,-622.0,SL
②,2024-01-24 05:10:00,2024-01-24 05:15:00,2024-01-24 08:45:00,2024,1,-62.2,-622.0,SL
②,2024-01-30 04:10:00,2024-01-30 04:15:00,2024-01-30 09:35:00,2024,1,237.8,2378.0,TP
②,2024-01-30 05:00:00,2024-01-30 05:05:00,2024-01-30 11:50:00,2024,1,67.8,678.0,TIME
②,2024-01-30 05:05:00,2024-01-30 05:10:00,2024-01-30 11:55:00,2024,1,47.8,478.0,TIME
②,2024-01-30 05:15:00,2024-01-30 05:20:00,2024-01-30 11:10:00,2024,1,-62.2,-622.0,SL
②,2024-01-30 05:20:00,2024-01-30 05:25:00,2024-01-30 09:00:00,2024,1,-62.2,-622.0,SL
②,2024-01-30 05:25:00,2024-01-30 05:30:00,2024-01-30 09:00:00,2024,1,-62.2,-622.0,SL
②,2024-01-30 06:00:00,2024-01-30 08:45:00,2024-01-30 08:50:00,2024,1,-62.2,-622.0,SL
②,2024-01-30 08:55:00,2024-01-30 09:00:00,2024-01-30 09:00:00,2024,1,-62.2,-622.0,SL
②,2024-01-30 20:20:00,2024-01-30 20:25:00,2024-01-31 00:00:00,2024,1,-62.2,-622.0,SL
②,2024-01-30 23:30:00,2024-01-30 23:35:00,2024-01-31 00:00:00,2024,1,-62.2,-622.0,SL
②,2024-01-30 23:35:00,2024-01-30 23:40:00,2024-01-31 00:00:00,2024,1,-62.2,-622.0,SL
②,2024-01-31 13:00:00,2024-01-31 13:05:00,2024-01-31 14:55:00,2024,1,237.8,2378.0,TP
②,2024-01-31 13:45:00,2024-01-31 13:50:00,2024-01-31 15:00:00,2024,1,237.8,2378.0,TP
②,2024-01-31 14:55:00,2024-01-31 15:00:00,2024-01-31 16:30:00,2024,1,-62.2,-622.0,SL
②,2024-01-31 15:00:00,2024-01-31 15:05:00,2024-01-31 16:30:00,2024,1,-62.2,-622.0,SL
②,2024-01-31 21:45:00,2024-01-31 21:50:00,2024-01-31 23:15:00,2024,1,-62.2,-622.0,SL
②,2024-01-31 22:00:00,2024-01-31 22:05:00,2024-01-31 23:35:00,2024,1,-62.2,-622.0,SL
②,2024-02-06 00:10:00,2024-02-06 00:15:00,2024-02-06 00:15:00,2024,2,-62.2,-622.0,SL
②,2024-02-06 00:15:00,2024-02-06 00:20:00,2024-02-06 04:25:00,2024,2,237.8,2378.0,TP
②,2024-02-06 02:30:00,2024-02-06 02:35:00,2024-02-06 09:00:00,2024,2,-62.2,-622.0,SL
②,2024-02-06 04:45:00,2024-02-06 04:50:00,2024-02-06 05:05:00,2024,2,-62.2,-622.0,SL
②,2024-02-06 13:15:00,2024-02-06 13:20:00,2024-02-06 14:55:00,2024,2,-62.2,-622.0,SL
②,2024-02-06 13:25:00,2024-02-06 13:30:00,2024-02-06 14:50:00,2024,2,-62.2,-622.0,SL
②,2024-02-06 13:35:00,2024-02-06 13:40:00,2024-02-06 14:45:00,2024,2,-62.2,-622.0,SL
②,2024-02-07 09:30:00,2024-02-07 09:35:00,2024-02-07 12:40:00,2024,2,-62.2,-622.0,SL
②,2024-02-07 09:40:00,2024-02-07 09:45:00,2024-02-07 12:35:00,2024,2,-62.2,-622.0,SL
②,2024-02-13 08:50:00,2024-02-13 08:55:00,2024-02-13 09:05:00,2024,2,-62.2,-622.0,SL
②,2024-02-13 08:55:00,2024-02-13 09:00:00,2024-02-13 10:00:00,2024,2,-62.2,-622.0,SL
②,2024-02-13 09:00:00,2024-02-13 09:05:00,2024-02-13 11:20:00,2024,2,237.8,2378.0,TP
②,2024-02-13 09:05:00,2024-02-13 09:10:00,2024-02-13 11:15:00,2024,2,237.8,2378.0,TP
②,2024-02-13 14:55:00,2024-02-13 15:00:00,2024-02-13 16:30:00,2024,2,-62.2,-622.0,SL
②,2024-02-13 15:00:00,2024-02-13 15:05:00,2024-02-13 16:30:00,2024,2,-62.2,-622.0,SL
②,2024-02-13 23:20:00,2024-02-13 23:25:00,2024-02-14 00:00:00,2024,2,237.8,2378.0,TP
②,2024-02-13 23:30:00,2024-02-13 23:35:00,2024-02-14 00:00:00,2024,2,237.8,2378.0,TP
②,2024-02-13 23:35:00,2024-02-13 23:40:00,2024-02-14 00:00:00,2024,2,237.8,2378.0,TP
②,2024-02-13 23:40:00,2024-02-13 23:45:00,2024-02-14 00:00:00,2024,2,237.8,2378.0,TP
②,2024-02-13 23:50:00,2024-02-13 23:55:00,2024-02-14 00:00:00,2024,2,237.8,2378.0,TP
②,2024-02-13 23:55:00,2024-02-14 00:00:00,2024-02-14 00:05:00,2024,2,-62.2,-622.0,SL
②,2024-02-14 00:20:00,2024-02-14 00:25:00,2024-02-14 03:45:00,2024,2,-62.2,-622.0,SL
②,2024-02-14 08:50:00,2024-02-14 08:55:00,2024-02-14 09:00:00,2024,2,-62.2,-622.0,SL
②,2024-02-14 08:55:00,2024-02-14 09:00:00,2024-02-14 09:00:00,2024,2,-62.2,-622.0,SL
②,2024-02-14 09:00:00,2024-02-14 09:05:00,2024-02-14 09:05:00,2024,2,-62.2,-622.0,SL
②,2024-02-14 09:05:00,2024-02-14 09:10:00,2024-02-14 11:05:00,2024,2,-62.2,-622.0,SL
②,2024-02-14 09:10:00,2024-02-14 09:15:00,2024-02-14 09:25:00,2024,2,-62.2,-622.0,SL
②,2024-02-20 10:00:00,2024-02-20 10:05:00,2024-02-20 10:40:00,2024,2,-62.2,-622.0,SL
②,2024-02-20 23:35:00,2024-02-20 23:40:00,2024-02-21 00:00:00,2024,2,-62.2,-622.0,SL
②,2024-02-20 23:50:00,2024-02-20 23:55:00,2024-02-21 00:00:00,2024,2,-62.2,-622.0,SL
②,2024-02-20 23:55:00,2024-02-21 00:00:00,2024-02-21 00:00:00,2024,2,-62.2,-622.0,SL
②,2024-02-27 19:25:00,2024-02-27 19:30:00,2024-02-27 21:35:00,2024,2,-62.2,-622.0,SL
②,2024-02-27 22:40:00,2024-02-27 22:45:00,2024-02-28 00:00:00,2024,2,-62.2,-622.0,SL
②,2024-02-27 23:40:00,2024-02-27 23:45:00,2024-02-28 00:00:00,2024,2,-62.2,-622.0,SL
②,2024-02-28 12:45:00,2024-02-28 12:50:00,2024-02-28 13:25:00,2024,2,-62.2,-622.0,SL
②,2024-02-28 21:00:00,2024-02-28 21:05:00,2024-02-28 22:15:00,2024,2,-62.2,-622.0,SL
②,2024-03-05 04:35:00,2024-03-05 04:40:00,2024-03-05 05:35:00,2024,3,-62.2,-622.0,SL
②,2024-03-05 04:40:00,2024-03-05 04:45:00,2024-03-05 05:35:00,2024,3,-62.2,-622.0,SL
②,2024-03-05 12:35:00,2024-03-05 12:40:00,2024-03-05 17:55:00,2024,3,37.8,378.0,TIME
②,2024-03-05 12:40:00,2024-03-05 12:45:00,2024-03-05 14:40:00,2024,3,-62.2,-622.0,SL
②,2024-03-05 12:45:00,2024-03-05 12:50:00,2024-03-05 14:40:00,2024,3,-62.2,-622.0,SL
②,2024-03-05 19:40:00,2024-03-05 19:45:00,2024-03-05 22:45:00,2024,3,-62.2,-622.0,SL
②,2024-03-05 19:45:00,2024-03-05 19:50:00,2024-03-05 22:45:00,2024,3,-62.2,-622.0,SL
②,2024-03-06 09:05:00,2024-03-06 09:10:00,2024-03-06 13:15:00,2024,3,187.8,1878.0,TIME
②,2024-03-12 08:55:00,2024-03-12 09:00:00,2024-03-12 09:00:00,2024,3,-62.2,-622.0,SL
②,2024-03-12 09:00:00,2024-03-12 09:05:00,2024-03-12 09:10:00,2024,3,-62.2,-622.0,SL
②,2024-03-12 11:15:00,2024-03-12 11:20:00,2024-03-12 13:25:00,2024,3,-62.2,-622.0,SL
②,2024-03-12 14:35:00,2024-03-12 14:40:00,2024-03-12 15:00:00,2024,3,-62.2,-622.0,SL
②,2024-03-12 15:00:00,2024-03-12 15:05:00,2024-03-12 15:05:00,2024,3,-62.2,-622.0,SL
②,2024-03-13 08:45:00,2024-03-13 08:50:00,2024-03-13 09:00:00,2024,3,-62.2,-622.0,SL
②,2024-03-13 08:50:00,2024-03-13 08:55:00,2024-03-13 09:05:00,2024,3,-62.2,-622.0,SL
②,2024-03-13 08:55:00,2024-03-13 09:00:00,2024-03-13 09:05:00,2024,3,-62.2,-622.0,SL
②,2024-03-13 09:00:00,2024-03-13 09:05:00,2024-03-13 09:10:00,2024,3,-62.2,-622.0,SL
②,2024-03-13 21:40:00,2024-03-13 21:45:00,2024-03-13 22:45:00,2024,3,-62.2,-622.0,SL
②,2024-03-13 21:45:00,2024-03-13 21:50:00,2024-03-13 21:55:00,2024,3,-62.2,-622.0,SL
②,2024-03-13 22:30:00,2024-03-13 22:35:00,2024-03-13 22:35:00,2024,3,-62.2,-622.0,SL
②,2024-03-13 23:05:00,2024-03-13 23:10:00,2024-03-14 00:00:00,2024,3,-62.2,-622.0,SL
②,2024-03-19 12:45:00,2024-03-19 12:50:00,2024-03-19 12:50:00,2024,3,-62.2,-622.0,SL
②,2024-03-19 12:50:00,2024-03-19 12:55:00,2024-03-19 13:10:00,2024,3,237.8,2378.0,TP
②,2024-03-19 12:55:00,2024-03-19 13:00:00,2024-03-19 13:00:00,2024,3,-62.2,-622.0,SL
②,2024-03-20 00:25:00,2024-03-20 00:30:00,2024-03-20 01:50:00,2024,3,237.8,2378.0,TP
②,2024-03-20 00:30:00,2024-03-20 00:35:00,2024-03-20 03:45:00,2024,3,237.8,2378.0,TP
②,2024-03-20 00:35:00,2024-03-20 00:40:00,2024-03-20 04:45:00,2024,3,147.8,1478.0,TIME
②,2024-03-20 08:55:00,2024-03-20 09:00:00,2024-03-20 09:25:00,2024,3,237.8,2378.0,TP
②,2024-03-20 09:00:00,2024-03-20 09:05:00,2024-03-20 13:10:00,2024,3,52.8,528.0,TIME
②,2024-03-20 09:05:00,2024-03-20 09:10:00,2024-03-20 13:15:00,2024,3,37.8,378.0,TIME
②,2024-03-20 09:10:00,2024-03-20 09:15:00,2024-03-20 11:45:00,2024,3,-62.2,-622.0,SL
②,2024-03-20 09:15:00,2024-03-20 09:20:00,2024-03-20 10:15:00,2024,3,-62.2,-622.0,SL
②,2024-03-20 09:25:00,2024-03-20 09:30:00,2024-03-20 09:30:00,2024,3,-62.2,-622.0,SL
②,2024-03-20 09:30:00,2024-03-20 09:35:00,2024-03-20 10:45:00,2024,3,-62.2,-622.0,SL
②,2024-03-20 17:45:00,2024-03-20 17:50:00,2024-03-20 18:05:00,2024,3,-62.2,-622.0,SL
②,2024-03-20 22:40:00,2024-03-20 22:45:00,2024-03-21 00:00:00,2024,3,237.8,2378.0,TP
②,2024-03-26 03:15:00,2024-03-26 03:20:00,2024-03-26 04:10:00,2024,3,-62.2,-622.0,SL
②,2024-03-26 09:15:00,2024-03-26 09:20:00,2024-03-26 09:25:00,2024,3,-62.2,-622.0,SL
②,2024-03-26 15:00:00,2024-03-26 15:05:00,2024-03-26 17:00:00,2024,3,-62.2,-622.0,SL
②,2024-03-26 22:50:00,2024-03-26 22:55:00,2024-03-27 00:00:00,2024,3,237.8,2378.0,TP
②,2024-03-27 00:25:00,2024-03-27 00:30:00,2024-03-27 04:35:00,2024,3,2.8,28.0,TIME
②,2024-03-27 14:15:00,2024-03-27 14:20:00,2024-03-27 14:45:00,2024,3,-62.2,-622.0,SL
②,2024-04-02 04:55:00,2024-04-02 05:00:00,2024-04-02 08:45:00,2024,4,-62.2,-622.0,SL
②,2024-04-02 09:20:00,2024-04-02 09:25:00,2024-04-02 10:00:00,2024,4,-62.2,-622.0,SL
②,2024-04-02 09:25:00,2024-04-02 09:30:00,2024-04-02 09:30:00,2024,4,-62.2,-622.0,SL
②,2024-04-02 09:30:00,2024-04-02 09:35:00,2024-04-02 09:50:00,2024,4,-62.2,-622.0,SL
②,2024-04-02 22:30:00,2024-04-02 22:35:00,2024-04-02 23:05:00,2024,4,-62.2,-622.0,SL
②,2024-04-02 22:35:00,2024-04-02 22:40:00,2024-04-02 23:45:00,2024,4,-62.2,-622.0,SL
②,2024-04-03 04:05:00,2024-04-03 04:10:00,2024-04-03 08:45:00,2024,4,-62.2,-622.0,SL
②,2024-04-03 04:55:00,2024-04-03 05:00:00,2024-04-03 08:45:00,2024,4,-62.2,-622.0,SL
②,2024-04-09 08:50:00,2024-04-09 08:55:00,2024-04-09 11:35:00,2024,4,-62.2,-622.0,SL
②,2024-04-09 08:55:00,2024-04-09 09:00:00,2024-04-09 13:05:00,2024,4,107.8,1078.0,TIME
②,2024-04-09 09:00:00,2024-04-09 09:05:00,2024-04-09 09:05:00,2024,4,-62.2,-622.0,SL
②,2024-04-09 09:05:00,2024-04-09 09:10:00,2024-04-09 11:00:00,2024,4,-62.2,-622.0,SL
②,2024-04-09 09:10:00,2024-04-09 09:15:00,2024-04-09 10:00:00,2024,4,-62.2,-622.0,SL
②,2024-04-09 09:15:00,2024-04-09 09:20:00,2024-04-09 11:00:00,2024,4,-62.2,-622.0,SL
②,2024-04-09 12:55:00,2024-04-09 13:00:00,2024-04-09 16:30:00,2024,4,-62.2,-622.0,SL
②,2024-04-09 13:10:00,2024-04-09 13:15:00,2024-04-09 16:30:00,2024,4,-62.2,-622.0,SL
②,2024-04-10 04:25:00,2024-04-10 04:30:00,2024-04-10 04:40:00,2024,4,-62.2,-622.0,SL
②,2024-04-10 04:30:00,2024-04-10 04:35:00,2024-04-10 04:40:00,2024,4,-62.2,-622.0,SL
②,2024-04-16 14:05:00,2024-04-16 14:10:00,2024-04-16 15:00:00,2024,4,-62.2,-622.0,SL
②,2024-04-16 21:30:00,2024-04-16 21:35:00,2024-04-16 21:45:00,2024,4,-62.2,-622.0,SL
②,2024-04-16 21:35:00,2024-04-16 21:40:00,2024-04-16 22:35:00,2024,4,-62.2,-622.0,SL
②,2024-04-17 03:05:00,2024-04-17 03:10:00,2024-04-17 03:10:00,2024,4,-62.2,-622.0,SL
②,2024-04-17 08:55:00,2024-04-17 09:00:00,2024-04-17 09:00:00,2024,4,-62.2,-622.0,SL
②,2024-04-17 09:00:00,2024-04-17 09:05:00,2024-04-17 09:15:00,2024,4,-62.2,-622.0,SL
②,2024-04-17 09:05:00,2024-04-17 09:10:00,2024-04-17 09:10:00,2024,4,-62.2,-622.0,SL
②,2024-04-17 09:10:00,2024-04-17 09:15:00,2024-04-17 09:20:00,2024,4,-62.2,-622.0,SL
②,2024-04-23 22:45:00,2024-04-23 22:50:00,2024-04-23 22:55:00,2024,4,-62.2,-622.0,SL
②,2024-04-24 06:00:00,2024-04-24 08:45:00,2024-04-24 09:20:00,2024,4,237.8,2378.0,TP
②,2024-04-24 08:45:00,2024-04-24 08:50:00,2024-04-24 09:20:00,2024,4,237.8,2378.0,TP
②,2024-04-24 08:50:00,2024-04-24 08:55:00,2024-04-24 09:20:00,2024,4,237.8,2378.0,TP
②,2024-04-24 08:55:00,2024-04-24 09:00:00,2024-04-24 09:20:00,2024,4,237.8,2378.0,TP
②,2024-04-24 09:00:00,2024-04-24 09:05:00,2024-04-24 09:25:00,2024,4,237.8,2378.0,TP
②,2024-04-24 09:05:00,2024-04-24 09:10:00,2024-04-24 09:25:00,2024,4,237.8,2378.0,TP
②,2024-04-24 09:10:00,2024-04-24 09:15:00,2024-04-24 12:35:00,2024,4,237.8,2378.0,TP
②,2024-04-24 09:15:00,2024-04-24 09:20:00,2024-04-24 13:25:00,2024,4,152.8,1528.0,TIME
②,2024-04-24 09:20:00,2024-04-24 09:25:00,2024-04-24 10:35:00,2024,4,-62.2,-622.0,SL
②,2024-04-24 09:25:00,2024-04-24 09:30:00,2024-04-24 09:35:00,2024,4,-62.2,-622.0,SL
②,2024-04-24 12:40:00,2024-04-24 12:45:00,2024-04-24 16:30:00,2024,4,-62.2,-622.0,SL
②,2024-04-24 22:30:00,2024-04-24 22:35:00,2024-04-24 23:30:00,2024,4,237.8,2378.0,TP
②,2024-04-24 22:35:00,2024-04-24 22:40:00,2024-04-25 00:00:00,2024,4,237.8,2378.0,TP
②,2024-04-24 22:40:00,2024-04-24 22:45:00,2024-04-25 00:00:00,2024,4,237.8,2378.0,TP
②,2024-04-24 22:45:00,2024-04-24 22:50:00,2024-04-25 00:00:00,2024,4,237.8,2378.0,TP
②,2024-04-24 22:50:00,2024-04-24 22:55:00,2024-04-25 00:00:00,2024,4,237.8,2378.0,TP
②,2024-04-30 04:50:00,2024-04-30 04:55:00,2024-04-30 10:40:00,2024,4,237.8,2378.0,TP
②,2024-04-30 15:00:00,2024-04-30 15:05:00,2024-04-30 16:30:00,2024,4,-62.2,-622.0,SL
②,2024-04-30 16:30:00,2024-04-30 16:35:00,2024-04-30 20:40:00,2024,4,192.8,1928.0,TIME
②,2024-10-01 03:10:00,2024-10-01 03:15:00,2024-10-01 03:20:00,2024,10,-62.2,-622.0,SL
②,2024-10-01 04:55:00,2024-10-01 05:00:00,2024-10-01 09:00:00,2024,10,237.8,2378.0,TP
②,2024-10-01 08:45:00,2024-10-01 08:50:00,2024-10-01 09:25:00,2024,10,237.8,2378.0,TP
②,2024-10-01 09:00:00,2024-10-01 09:05:00,2024-10-01 09:40:00,2024,10,237.8,2378.0,TP
②,2024-10-01 09:05:00,2024-10-01 09:10:00,2024-10-01 10:25:00,2024,10,237.8,2378.0,TP
②,2024-10-01 09:10:00,2024-10-01 09:15:00,2024-10-01 09:20:00,2024,10,-62.2,-622.0,SL
②,2024-10-01 09:15:00,2024-10-01 09:20:00,2024-10-01 09:45:00,2024,10,237.8,2378.0,TP
②,2024-10-01 09:40:00,2024-10-01 09:45:00,2024-10-01 11:05:00,2024,10,-62.2,-622.0,SL
②,2024-10-01 22:50:00,2024-10-01 22:55:00,2024-10-01 23:00:00,2024,10,-62.2,-622.0,SL
②,2024-10-02 09:10:00,2024-10-02 09:15:00,2024-10-02 09:15:00,2024,10,-62.2,-622.0,SL
②,2024-10-02 09:15:00,2024-10-02 09:20:00,2024-10-02 09:25:00,2024,10,-62.2,-622.0,SL
②,2024-10-02 09:30:00,2024-10-02 09:35:00,2024-10-02 10:00:00,2024,10,-62.2,-622.0,SL
②,2024-10-02 12:40:00,2024-10-02 12:45:00,2024-10-02 13:00:00,2024,10,-62.2,-622.0,SL
②,2024-10-08 09:15:00,2024-10-08 09:20:00,2024-10-08 10:15:00,2024,10,-62.2,-622.0,SL
②,2024-10-08 16:35:00,2024-10-08 16:40:00,2024-10-08 18:40:00,2024,10,-62.2,-622.0,SL
②,2024-10-08 16:40:00,2024-10-08 16:45:00,2024-10-08 18:40:00,2024,10,-62.2,-622.0,SL
②,2024-10-09 06:00:00,2024-10-09 08:45:00,2024-10-09 09:05:00,2024,10,-62.2,-622.0,SL
②,2024-10-09 08:45:00,2024-10-09 08:50:00,2024-10-09 09:20:00,2024,10,-62.2,-622.0,SL
②,2024-10-09 08:50:00,2024-10-09 08:55:00,2024-10-09 09:05:00,2024,10,-62.2,-622.0,SL
②,2024-10-09 09:00:00,2024-10-09 09:05:00,2024-10-09 09:05:00,2024,10,-62.2,-622.0,SL
②,2024-10-09 09:05:00,2024-10-09 09:10:00,2024-10-09 09:20:00,2024,10,-62.2,-622.0,SL
②,2024-10-09 14:05:00,2024-10-09 14:10:00,2024-10-09 14:10:00,2024,10,-62.2,-622.0,SL
②,2024-10-09 23:00:00,2024-10-09 23:05:00,2024-10-09 23:10:00,2024,10,-62.2,-622.0,SL
②,2024-10-15 08:45:00,2024-10-15 08:50:00,2024-10-15 08:55:00,2024,10,-62.2,-622.0,SL
②,2024-10-15 08:50:00,2024-10-15 08:55:00,2024-10-15 08:55:00,2024,10,-62.2,-622.0,SL
②,2024-10-15 10:50:00,2024-10-15 10:55:00,2024-10-15 10:55:00,2024,10,-62.2,-622.0,SL
②,2024-10-15 20:35:00,2024-10-15 20:40:00,2024-10-15 23:00:00,2024,10,237.8,2378.0,TP
②,2024-10-15 20:40:00,2024-10-15 20:45:00,2024-10-15 23:00:00,2024,10,237.8,2378.0,TP
②,2024-10-15 22:40:00,2024-10-15 22:45:00,2024-10-16 00:00:00,2024,10,-62.2,-622.0,SL
②,2024-10-15 22:45:00,2024-10-15 22:50:00,2024-10-15 23:15:00,2024,10,-62.2,-622.0,SL
②,2024-10-16 08:45:00,2024-10-16 08:50:00,2024-10-16 08:50:00,2024,10,-62.2,-622.0,SL
②,2024-10-16 08:50:00,2024-10-16 08:55:00,2024-10-16 09:00:00,2024,10,-62.2,-622.0,SL
②,2024-10-16 08:55:00,2024-10-16 09:00:00,2024-10-16 09:00:00,2024,10,-62.2,-622.0,SL
②,2024-10-16 09:00:00,2024-10-16 09:05:00,2024-10-16 09:15:00,2024,10,237.8,2378.0,TP
②,2024-10-16 09:15:00,2024-10-16 09:20:00,2024-10-16 10:30:00,2024,10,-62.2,-622.0,SL
②,2024-10-16 09:20:00,2024-10-16 09:25:00,2024-10-16 09:30:00,2024,10,-62.2,-622.0,SL
②,2024-10-16 13:00:00,2024-10-16 13:05:00,2024-10-16 13:20:00,2024,10,-62.2,-622.0,SL
②,2024-10-16 20:45:00,2024-10-16 20:50:00,2024-10-16 21:30:00,2024,10,-62.2,-622.0,SL
②,2024-10-22 05:35:00,2024-10-22 05:40:00,2024-10-22 08:45:00,2024,10,-62.2,-622.0,SL
②,2024-10-22 05:45:00,2024-10-22 05:50:00,2024-10-22 08:45:00,2024,10,-62.2,-622.0,SL
②,2024-10-22 06:00:00,2024-10-22 08:45:00,2024-10-22 08:45:00,2024,10,-62.2,-622.0,SL
②,2024-10-22 22:55:00,2024-10-22 23:00:00,2024-10-22 23:25:00,2024,10,-62.2,-622.0,SL
②,2024-10-23 08:55:00,2024-10-23 09:00:00,2024-10-23 09:10:00,2024,10,-62.2,-622.0,SL
②,2024-10-23 09:00:00,2024-10-23 09:05:00,2024-10-23 09:10:00,2024,10,-62.2,-622.0,SL
②,2024-10-23 09:05:00,2024-10-23 09:10:00,2024-10-23 10:55:00,2024,10,-62.2,-622.0,SL
②,2024-10-23 09:10:00,2024-10-23 09:15:00,2024-10-23 10:55:00,2024,10,-62.2,-622.0,SL
②,2024-10-23 09:20:00,2024-10-23 09:25:00,2024-10-23 10:50:00,2024,10,-62.2,-622.0,SL
②,2024-10-23 09:25:00,2024-10-23 09:30:00,2024-10-23 09:35:00,2024,10,-62.2,-622.0,SL
②,2024-10-23 23:05:00,2024-10-23 23:10:00,2024-10-23 23:20:00,2024,10,-62.2,-622.0,SL
②,2024-10-29 09:25:00,2024-10-29 09:30:00,2024-10-29 09:30:00,2024,10,-62.2,-622.0,SL
②,2024-10-30 09:25:00,2024-10-30 09:30:00,2024-10-30 09:40:00,2024,10,-62.2,-622.0,SL
②,2024-11-05 13:25:00,2024-11-05 13:30:00,2024-11-05 13:45:00,2024,11,-62.2,-622.0,SL
②,2024-11-05 20:35:00,2024-11-05 20:40:00,2024-11-05 21:00:00,2024,11,-62.2,-622.0,SL
②,2024-11-06 09:40:00,2024-11-06 09:45:00,2024-11-06 09:45:00,2024,11,-62.2,-622.0,SL
②,2024-11-06 11:30:00,2024-11-06 11:35:00,2024-11-06 12:00:00,2024,11,237.8,2378.0,TP
②,2024-11-06 11:40:00,2024-11-06 11:45:00,2024-11-06 12:10:00,2024,11,237.8,2378.0,TP
②,2024-11-06 23:40:00,2024-11-06 23:45:00,2024-11-07 00:00:00,2024,11,237.8,2378.0,TP
②,2024-11-06 23:45:00,2024-11-06 23:50:00,2024-11-07 00:00:00,2024,11,237.8,2378.0,TP
②,2024-11-06 23:50:00,2024-11-06 23:55:00,2024-11-07 00:00:00,2024,11,237.8,2378.0,TP
②,2024-11-06 23:55:00,2024-11-07 00:00:00,2024-11-07 00:00:00,2024,11,-62.2,-622.0,SL
②,2024-11-12 09:00:00,2024-11-12 09:05:00,2024-11-12 09:05:00,2024,11,-62.2,-622.0,SL
②,2024-11-12 09:05:00,2024-11-12 09:10:00,2024-11-12 09:10:00,2024,11,-62.2,-622.0,SL
②,2024-11-12 21:00:00,2024-11-12 21:05:00,2024-11-12 23:55:00,2024,11,-62.2,-622.0,SL
②,2024-11-12 21:05:00,2024-11-12 21:10:00,2024-11-12 23:55:00,2024,11,-62.2,-622.0,SL
②,2024-11-12 21:15:00,2024-11-12 21:20:00,2024-11-12 23:45:00,2024,11,-62.2,-622.0,SL
②,2024-11-12 21:25:00,2024-11-12 21:30:00,2024-11-12 22:00:00,2024,11,-62.2,-622.0,SL
②,2024-11-13 09:05:00,2024-11-13 09:10:00,2024-11-13 09:15:00,2024,11,-62.2,-622.0,SL
②,2024-11-19 09:05:00,2024-11-19 09:10:00,2024-11-19 09:35:00,2024,11,-62.2,-622.0,SL
②,2024-11-19 09:10:00,2024-11-19 09:15:00,2024-11-19 09:35:00,2024,11,-62.2,-622.0,SL
②,2024-11-19 09:15:00,2024-11-19 09:20:00,2024-11-19 09:30:00,2024,11,-62.2,-622.0,SL
②,2024-11-19 09:20:00,2024-11-19 09:25:00,2024-11-19 09:30:00,2024,11,-62.2,-622.0,SL
②,2024-11-19 09:30:00,2024-11-19 09:35:00,2024-11-19 09:40:00,2024,11,-62.2,-622.0,SL
②,2024-11-20 03:50:00,2024-11-20 03:55:00,2024-11-20 04:30:00,2024,11,-62.2,-622.0,SL
②,2024-11-20 08:55:00,2024-11-20 09:00:00,2024-11-20 10:05:00,2024,11,-62.2,-622.0,SL
②,2024-11-20 09:00:00,2024-11-20 09:05:00,2024-11-20 09:05:00,2024,11,-62.2,-622.0,SL
②,2024-11-20 09:05:00,2024-11-20 09:10:00,2024-11-20 10:05:00,2024,11,-62.2,-622.0,SL
②,2024-11-20 14:00:00,2024-11-20 14:05:00,2024-11-20 14:30:00,2024,11,-62.2,-622.0,SL
②,2024-11-26 15:20:00,2024-11-26 15:25:00,2024-11-26 17:00:00,2024,11,237.8,2378.0,TP
②,2024-11-26 15:25:00,2024-11-26 15:30:00,2024-11-26 17:00:00,2024,11,237.8,2378.0,TP
②,2024-11-26 22:35:00,2024-11-26 22:40:00,2024-11-26 23:30:00,2024,11,-62.2,-622.0,SL
②,2024-11-26 22:50:00,2024-11-26 22:55:00,2024-11-26 23:10:00,2024,11,-62.2,-622.0,SL
②,2024-11-26 22:55:00,2024-11-26 23:00:00,2024-11-26 23:10:00,2024,11,-62.2,-622.0,SL
②,2024-11-27 20:50:00,2024-11-27 20:55:00,2024-11-27 21:10:00,2024,11,-62.2,-622.0,SL
②,2024-12-03 03:55:00,2024-12-03 04:00:00,2024-12-03 04:10:00,2024,12,-62.2,-622.0,SL
②,2024-12-03 08:55:00,2024-12-03 09:00:00,2024-12-03 09:00:00,2024,12,237.8,2378.0,TP
②,2024-12-03 09:00:00,2024-12-03 09:05:00,2024-12-03 10:35:00,2024,12,237.8,2378.0,TP
②,2024-12-03 09:10:00,2024-12-03 09:15:00,2024-12-03 10:05:00,2024,12,-62.2,-622.0,SL
②,2024-12-03 09:15:00,2024-12-03 09:20:00,2024-12-03 09:35:00,2024,12,-62.2,-622.0,SL
②,2024-12-03 21:05:00,2024-12-03 21:10:00,2024-12-03 22:55:00,2024,12,-62.2,-622.0,SL
②,2024-12-03 21:10:00,2024-12-03 21:15:00,2024-12-03 21:30:00,2024,12,-62.2,-622.0,SL
②,2024-12-04 01:00:00,2024-12-04 01:05:00,2024-12-04 01:05:00,2024,12,-62.2,-622.0,SL
②,2024-12-10 17:00:00,2024-12-10 17:05:00,2024-12-10 20:35:00,2024,12,-62.2,-622.0,SL
②,2024-12-11 08:55:00,2024-12-11 09:00:00,2024-12-11 09:00:00,2024,12,-62.2,-622.0,SL
②,2024-12-11 09:00:00,2024-12-11 09:05:00,2024-12-11 09:10:00,2024,12,-62.2,-622.0,SL
②,2024-12-11 15:25:00,2024-12-11 15:30:00,2024-12-11 17:30:00,2024,12,-62.2,-622.0,SL
②,2024-12-11 15:30:00,2024-12-11 15:35:00,2024-12-11 17:40:00,2024,12,-62.2,-622.0,SL
②,2024-12-11 17:00:00,2024-12-11 17:05:00,2024-12-11 17:30:00,2024,12,-62.2,-622.0,SL
②,2024-12-17 09:10:00,2024-12-17 09:15:00,2024-12-17 10:00:00,2024,12,-62.2,-622.0,SL
②,2024-12-17 21:30:00,2024-12-17 21:35:00,2024-12-18 00:00:00,2024,12,-62.2,-622.0,SL
②,2024-12-17 21:35:00,2024-12-17 21:40:00,2024-12-18 00:00:00,2024,12,-62.2,-622.0,SL
②,2024-12-17 21:40:00,2024-12-17 21:45:00,2024-12-18 00:00:00,2024,12,-62.2,-622.0,SL
②,2024-12-17 22:10:00,2024-12-17 22:15:00,2024-12-18 00:00:00,2024,12,-62.2,-622.0,SL
②,2024-12-17 23:50:00,2024-12-17 23:55:00,2024-12-18 00:00:00,2024,12,-62.2,-622.0,SL
②,2024-12-18 06:00:00,2024-12-18 08:45:00,2024-12-18 08:45:00,2024,12,-62.2,-622.0,SL
②,2024-12-18 08:45:00,2024-12-18 08:50:00,2024-12-18 09:00:00,2024,12,-62.2,-622.0,SL
②,2024-12-24 05:45:00,2024-12-24 05:50:00,2024-12-24 09:00:00,2024,12,-62.2,-622.0,SL
②,2024-12-24 05:50:00,2024-12-24 05:55:00,2024-12-24 08:45:00,2024,12,-62.2,-622.0,SL
②,2024-12-24 06:00:00,2024-12-24 08:45:00,2024-12-24 08:45:00,2024,12,-62.2,-622.0,SL
②,2024-12-24 08:45:00,2024-12-24 08:50:00,2024-12-24 09:00:00,2024,12,-62.2,-622.0,SL
②,2024-12-24 08:50:00,2024-12-24 08:55:00,2024-12-24 09:00:00,2024,12,-62.2,-622.0,SL
②,2024-12-24 15:30:00,2024-12-24 15:35:00,2024-12-24 20:00:00,2024,12,-62.2,-622.0,SL
②,2024-12-24 15:35:00,2024-12-24 15:40:00,2024-12-24 17:20:00,2024,12,-62.2,-622.0,SL
②,2024-12-24 15:45:00,2024-12-24 17:00:00,2024-12-24 17:00:00,2024,12,-62.2,-622.0,SL
②,2024-12-24 17:00:00,2024-12-24 17:05:00,2024-12-24 17:25:00,2024,12,-62.2,-622.0,SL
②,2024-12-24 23:30:00,2024-12-24 23:35:00,2024-12-24 23:45:00,2024,12,-62.2,-622.0,SL
②,2024-12-25 13:40:00,2024-12-25 13:45:00,2024-12-25 19:00:00,2024,12,122.8,1228.0,TIME
②,2024-12-25 15:25:00,2024-12-25 15:30:00,2024-12-25 20:45:00,2024,12,7.8,78.0,TIME
②,2024-12-25 15:30:00,2024-12-25 15:35:00,2024-12-25 17:00:00,2024,12,-62.2,-622.0,SL
②,2024-12-25 23:00:00,2024-12-25 23:05:00,2024-12-25 23:30:00,2024,12,-62.2,-622.0,SL
②,2025-01-07 00:10:00,2025-01-07 00:15:00,2025-01-07 03:30:00,2025,1,-62.2,-622.0,SL
②,2025-01-07 08:50:00,2025-01-07 08:55:00,2025-01-07 09:00:00,2025,1,-62.2,-622.0,SL
②,2025-01-07 08:55:00,2025-01-07 09:00:00,2025-01-07 09:05:00,2025,1,-62.2,-622.0,SL
②,2025-01-07 09:00:00,2025-01-07 09:05:00,2025-01-07 09:05:00,2025,1,-62.2,-622.0,SL
②,2025-01-07 09:05:00,2025-01-07 09:10:00,2025-01-07 09:30:00,2025,1,237.8,2378.0,TP
②,2025-01-07 09:30:00,2025-01-07 09:35:00,2025-01-07 10:10:00,2025,1,237.8,2378.0,TP
②,2025-01-07 09:35:00,2025-01-07 09:40:00,2025-01-07 10:15:00,2025,1,237.8,2378.0,TP
②,2025-01-07 09:45:00,2025-01-07 09:50:00,2025-01-07 10:50:00,2025,1,237.8,2378.0,TP
②,2025-01-07 10:10:00,2025-01-07 10:15:00,2025-01-07 10:25:00,2025,1,-62.2,-622.0,SL
②,2025-01-07 20:10:00,2025-01-07 20:15:00,2025-01-07 22:05:00,2025,1,-62.2,-622.0,SL
②,2025-01-07 20:15:00,2025-01-07 20:20:00,2025-01-07 21:45:00,2025,1,-62.2,-622.0,SL
②,2025-01-07 20:25:00,2025-01-07 20:30:00,2025-01-07 21:05:00,2025,1,-62.2,-622.0,SL
②,2025-01-07 23:15:00,2025-01-07 23:20:00,2025-01-07 23:45:00,2025,1,237.8,2378.0,TP
②,2025-01-08 08:45:00,2025-01-08 08:50:00,2025-01-08 09:25:00,2025,1,-62.2,-622.0,SL
②,2025-01-14 03:25:00,2025-01-14 03:30:00,2025-01-14 04:10:00,2025,1,-62.2,-622.0,SL
②,2025-01-14 08:55:00,2025-01-14 09:00:00,2025-01-14 09:00:00,2025,1,-62.2,-622.0,SL
②,2025-01-14 09:00:00,2025-01-14 09:05:00,2025-01-14 09:05:00,2025,1,-62.2,-622.0,SL
②,2025-01-14 09:05:00,2025-01-14 09:10:00,2025-01-14 09:25:00,2025,1,-62.2,-622.0,SL
②,2025-01-14 17:30:00,2025-01-14 17:35:00,2025-01-14 17:35:00,2025,1,-62.2,-622.0,SL
②,2025-01-21 06:00:00,2025-01-21 08:45:00,2025-01-21 09:15:00,2025,1,-62.2,-622.0,SL
②,2025-01-21 08:45:00,2025-01-21 08:50:00,2025-01-21 09:05:00,2025,1,-62.2,-622.0,SL
②,2025-01-21 08:50:00,2025-01-21 08:55:00,2025-01-21 09:05:00,2025,1,-62.2,-622.0,SL
②,2025-01-21 08:55:00,2025-01-21 09:00:00,2025-01-21 09:05:00,2025,1,-62.2,-622.0,SL
②,2025-01-21 09:00:00,2025-01-21 09:05:00,2025-01-21 09:05:00,2025,1,-62.2,-622.0,SL
②,2025-01-21 09:05:00,2025-01-21 09:10:00,2025-01-21 09:15:00,2025,1,-62.2,-622.0,SL
②,2025-01-21 09:15:00,2025-01-21 09:20:00,2025-01-21 09:50:00,2025,1,-62.2,-622.0,SL
②,2025-01-21 15:30:00,2025-01-21 15:35:00,2025-01-21 17:00:00,2025,1,-62.2,-622.0,SL
②,2025-01-22 03:15:00,2025-01-22 03:20:00,2025-01-22 04:30:00,2025,1,-62.2,-622.0,SL
②,2025-01-22 06:00:00,2025-01-22 08:45:00,2025-01-22 09:50:00,2025,1,237.8,2378.0,TP
②,2025-01-22 08:45:00,2025-01-22 08:50:00,2025-01-22 10:05:00,2025,1,237.8,2378.0,TP
②,2025-01-22 08:50:00,2025-01-22 08:55:00,2025-01-22 08:55:00,2025,1,-62.2,-622.0,SL
②,2025-01-22 08:55:00,2025-01-22 09:00:00,2025-01-22 09:50:00,2025,1,237.8,2378.0,TP
②,2025-01-22 09:00:00,2025-01-22 09:05:00,2025-01-22 09:05:00,2025,1,-62.2,-622.0,SL
②,2025-01-22 09:05:00,2025-01-22 09:10:00,2025-01-22 10:15:00,2025,1,237.8,2378.0,TP
②,2025-01-22 09:10:00,2025-01-22 09:15:00,2025-01-22 10:10:00,2025,1,237.8,2378.0,TP
②,2025-01-22 09:15:00,2025-01-22 09:20:00,2025-01-22 13:25:00,2025,1,82.8,828.0,TIME
②,2025-01-22 23:30:00,2025-01-22 23:35:00,2025-01-22 23:35:00,2025,1,-62.2,-622.0,SL
②,2025-01-28 08:50:00,2025-01-28 08:55:00,2025-01-28 09:00:00,2025,1,-62.2,-622.0,SL
②,2025-01-28 08:55:00,2025-01-28 09:00:00,2025-01-28 09:00:00,2025,1,-62.2,-622.0,SL
②,2025-01-28 09:00:00,2025-01-28 09:05:00,2025-01-28 09:05:00,2025,1,-62.2,-622.0,SL
②,2025-01-28 17:15:00,2025-01-28 17:20:00,2025-01-28 17:40:00,2025,1,-62.2,-622.0,SL
②,2025-01-28 23:35:00,2025-01-28 23:40:00,2025-01-29 00:25:00,2025,1,237.8,2378.0,TP
②,2025-01-29 04:45:00,2025-01-29 04:50:00,2025-01-29 08:45:00,2025,1,-62.2,-622.0,SL
②,2025-01-29 12:45:00,2025-01-29 12:50:00,2025-01-29 14:35:00,2025,1,-62.2,-622.0,SL
②,2025-01-29 12:50:00,2025-01-29 12:55:00,2025-01-29 14:35:00,2025,1,-62.2,-622.0,SL
②,2025-01-29 12:55:00,2025-01-29 13:00:00,2025-01-29 14:30:00,2025,1,-62.2,-622.0,SL
②,2025-01-29 13:00:00,2025-01-29 13:05:00,2025-01-29 14:25:00,2025,1,-62.2,-622.0,SL
②,2025-01-29 15:30:00,2025-01-29 15:35:00,2025-01-29 17:00:00,2025,1,-62.2,-622.0,SL
②,2025-02-04 01:00:00,2025-02-04 01:05:00,2025-02-04 01:05:00,2025,2,-62.2,-622.0,SL
②,2025-02-04 09:00:00,2025-02-04 09:05:00,2025-02-04 09:05:00,2025,2,-62.2,-622.0,SL
②,2025-02-04 09:05:00,2025-02-04 09:10:00,2025-02-04 09:20:00,2025,2,-62.2,-622.0,SL
②,2025-02-05 09:15:00,2025-02-05 09:20:00,2025-02-05 09:25:00,2025,2,-62.2,-622.0,SL
②,2025-02-05 21:10:00,2025-02-05 21:15:00,2025-02-05 23:20:00,2025,2,-62.2,-622.0,SL
②,2025-02-05 23:50:00,2025-02-05 23:55:00,2025-02-06 00:00:00,2025,2,-62.2,-622.0,SL
②,2025-02-11 02:55:00,2025-02-11 03:00:00,2025-02-11 08:45:00,2025,2,-62.2,-622.0,SL
②,2025-02-11 03:05:00,2025-02-11 03:10:00,2025-02-11 08:45:00,2025,2,-62.2,-622.0,SL
②,2025-02-11 03:50:00,2025-02-11 03:55:00,2025-02-11 05:50:00,2025,2,-62.2,-622.0,SL
②,2025-02-11 03:55:00,2025-02-11 04:00:00,2025-02-11 05:50:00,2025,2,-62.2,-622.0,SL
②,2025-02-11 17:10:00,2025-02-11 17:15:00,2025-02-11 21:20:00,2025,2,17.8,178.0,TIME
②,2025-02-11 17:20:00,2025-02-11 17:25:00,2025-02-11 18:50:00,2025,2,-62.2,-622.0,SL
②,2025-02-12 21:00:00,2025-02-12 21:05:00,2025-02-13 01:10:00,2025,2,127.8,1278.0,TIME
②,2025-02-18 05:40:00,2025-02-18 05:45:00,2025-02-18 12:30:00,2025,2,167.8,1678.0,TIME
②,2025-02-18 05:45:00,2025-02-18 05:50:00,2025-02-18 12:35:00,2025,2,132.8,1328.0,TIME
②,2025-02-18 05:50:00,2025-02-18 05:55:00,2025-02-18 12:40:00,2025,2,162.8,1628.0,TIME
②,2025-02-18 06:00:00,2025-02-18 08:45:00,2025-02-18 10:15:00,2025,2,237.8,2378.0,TP
②,2025-02-18 09:10:00,2025-02-18 09:15:00,2025-02-18 09:20:00,2025,2,-62.2,-622.0,SL
②,2025-02-18 09:15:00,2025-02-18 09:20:00,2025-02-18 09:20:00,2025,2,-62.2,-622.0,SL
②,2025-02-18 09:20:00,2025-02-18 09:25:00,2025-02-18 12:45:00,2025,2,237.8,2378.0,TP
②,2025-02-18 12:55:00,2025-02-18 13:00:00,2025-02-18 13:25:00,2025,2,-62.2,-622.0,SL
②,2025-02-18 13:00:00,2025-02-18 13:05:00,2025-02-18 14:15:00,2025,2,-62.2,-622.0,SL
②,2025-02-19 00:15:00,2025-02-19 00:20:00,2025-02-19 04:25:00,2025,2,2.8,28.0,TIME
②,2025-02-19 00:25:00,2025-02-19 00:30:00,2025-02-19 04:35:00,2025,2,-12.2,-122.0,TIME
②,2025-02-19 17:00:00,2025-02-19 17:05:00,2025-02-19 18:55:00,2025,2,-62.2,-622.0,SL
②,2025-02-25 09:05:00,2025-02-25 09:10:00,2025-02-25 09:55:00,2025,2,237.8,2378.0,TP
②,2025-02-25 09:10:00,2025-02-25 09:15:00,2025-02-25 09:15:00,2025,2,-62.2,-622.0,SL
②,2025-02-25 09:15:00,2025-02-25 09:20:00,2025-02-25 09:55:00,2025,2,237.8,2378.0,TP
②,2025-02-26 12:30:00,2025-02-26 12:35:00,2025-02-26 12:55:00,2025,2,-62.2,-622.0,SL
②,2025-02-26 14:35:00,2025-02-26 14:40:00,2025-02-26 19:55:00,2025,2,72.8,728.0,TIME
②,2025-02-26 21:05:00,2025-02-26 21:10:00,2025-02-26 21:45:00,2025,2,-62.2,-622.0,SL
②,2025-03-04 08:45:00,2025-03-04 08:50:00,2025-03-04 09:00:00,2025,3,-62.2,-622.0,SL
②,2025-03-04 15:30:00,2025-03-04 15:35:00,2025-03-04 17:00:00,2025,3,237.8,2378.0,TP
②,2025-03-04 21:10:00,2025-03-04 21:15:00,2025-03-04 23:35:00,2025,3,-62.2,-622.0,SL
②,2025-03-05 04:00:00,2025-03-05 04:05:00,2025-03-05 05:15:00,2025,3,237.8,2378.0,TP
②,2025-03-05 12:55:00,2025-03-05 13:00:00,2025-03-05 13:35:00,2025,3,-62.2,-622.0,SL
②,2025-03-12 09:00:00,2025-03-12 09:05:00,2025-03-12 09:05:00,2025,3,-62.2,-622.0,SL
②,2025-03-12 09:05:00,2025-03-12 09:10:00,2025-03-12 09:40:00,2025,3,-62.2,-622.0,SL
②,2025-03-12 09:10:00,2025-03-12 09:15:00,2025-03-12 09:30:00,2025,3,-62.2,-622.0,SL
②,2025-03-12 09:15:00,2025-03-12 09:20:00,2025-03-12 09:30:00,2025,3,-62.2,-622.0,SL
②,2025-03-18 03:00:00,2025-03-18 03:05:00,2025-03-18 09:20:00,2025,3,-62.2,-622.0,SL
②,2025-03-18 21:30:00,2025-03-18 21:35:00,2025-03-18 22:45:00,2025,3,237.8,2378.0,TP
②,2025-03-18 21:35:00,2025-03-18 21:40:00,2025-03-19 01:25:00,2025,3,237.8,2378.0,TP
②,2025-03-18 21:40:00,2025-03-18 21:45:00,2025-03-19 01:50:00,2025,3,117.8,1178.0,TIME
②,2025-03-18 21:45:00,2025-03-18 21:50:00,2025-03-19 01:55:00,2025,3,157.8,1578.0,TIME
②,2025-03-18 22:45:00,2025-03-18 22:50:00,2025-03-18 23:30:00,2025,3,-62.2,-622.0,SL
②,2025-03-18 22:50:00,2025-03-18 22:55:00,2025-03-18 23:00:00,2025,3,-62.2,-622.0,SL
②,2025-03-19 03:50:00,2025-03-19 03:55:00,2025-03-19 04:45:00,2025,3,-62.2,-622.0,SL
②,2025-03-19 09:00:00,2025-03-19 09:05:00,2025-03-19 11:25:00,2025,3,237.8,2378.0,TP
②,2025-03-19 09:05:00,2025-03-19 09:10:00,2025-03-19 13:15:00,2025,3,-22.2,-222.0,TIME
②,2025-03-19 09:10:00,2025-03-19 09:15:00,2025-03-19 13:15:00,2025,3,-62.2,-622.0,SL
②,2025-03-19 09:15:00,2025-03-19 09:20:00,2025-03-19 13:15:00,2025,3,-62.2,-622.0,SL
②,2025-03-19 09:20:00,2025-03-19 09:25:00,2025-03-19 13:10:00,2025,3,-62.2,-622.0,SL
②,2025-03-19 09:35:00,2025-03-19 09:40:00,2025-03-19 13:05:00,2025,3,-62.2,-622.0,SL
②,2025-03-19 09:40:00,2025-03-19 09:45:00,2025-03-19 10:15:00,2025,3,-62.2,-622.0,SL
②,2025-03-25 09:00:00,2025-03-25 09:05:00,2025-03-25 09:10:00,2025,3,-62.2,-622.0,SL
②,2025-03-25 09:05:00,2025-03-25 09:10:00,2025-03-25 10:25:00,2025,3,-62.2,-622.0,SL
②,2025-03-25 09:10:00,2025-03-25 09:15:00,2025-03-25 09:15:00,2025,3,-62.2,-622.0,SL
②,2025-03-25 09:15:00,2025-03-25 09:20:00,2025-03-25 10:20:00,2025,3,-62.2,-622.0,SL
②,2025-03-25 09:25:00,2025-03-25 09:30:00,2025-03-25 10:05:00,2025,3,-62.2,-622.0,SL
②,2025-03-25 20:20:00,2025-03-25 20:25:00,2025-03-26 00:30:00,2025,3,152.8,1528.0,TIME
②,2025-03-25 20:25:00,2025-03-25 20:30:00,2025-03-26 00:35:00,2025,3,122.8,1228.0,TIME
②,2025-03-25 22:35:00,2025-03-25 22:40:00,2025-03-26 02:05:00,2025,3,237.8,2378.0,TP
②,2025-03-25 22:45:00,2025-03-25 22:50:00,2025-03-26 02:55:00,2025,3,182.8,1828.0,TIME
②,2025-03-25 22:50:00,2025-03-25 22:55:00,2025-03-26 03:00:00,2025,3,177.8,1778.0,TIME
②,2025-03-25 23:20:00,2025-03-25 23:25:00,2025-03-26 03:30:00,2025,3,157.8,1578.0,TIME
②,2025-03-26 04:45:00,2025-03-26 04:50:00,2025-03-26 09:00:00,2025,3,-62.2,-622.0,SL
②,2025-03-26 04:50:00,2025-03-26 04:55:00,2025-03-26 09:00:00,2025,3,-62.2,-622.0,SL
②,2025-03-26 13:00:00,2025-03-26 13:05:00,2025-03-26 17:00:00,2025,3,-62.2,-622.0,SL
②,2025-03-26 14:05:00,2025-03-26 14:10:00,2025-03-26 14:55:00,2025,3,-62.2,-622.0,SL
②,2025-04-01 03:10:00,2025-04-01 03:15:00,2025-04-01 08:45:00,2025,4,-62.2,-622.0,SL
②,2025-04-01 09:15:00,2025-04-01 09:20:00,2025-04-01 09:30:00,2025,4,-62.2,-622.0,SL
②,2025-04-02 04:50:00,2025-04-02 04:55:00,2025-04-02 05:30:00,2025,4,-62.2,-622.0,SL
②,2025-04-08 09:20:00,2025-04-08 09:25:00,2025-04-08 09:30:00,2025,4,-62.2,-622.0,SL
②,2025-04-08 23:10:00,2025-04-08 23:15:00,2025-04-08 23:15:00,2025,4,237.8,2378.0,TP
②,2025-04-09 20:35:00,2025-04-09 20:40:00,2025-04-09 20:55:00,2025,4,237.8,2378.0,TP
②,2025-04-09 20:50:00,2025-04-09 20:55:00,2025-04-09 22:05:00,2025,4,237.8,2378.0,TP
②,2025-04-09 20:55:00,2025-04-09 21:00:00,2025-04-09 21:05:00,2025,4,-62.2,-622.0,SL
②,2025-04-15 21:35:00,2025-04-15 21:40:00,2025-04-16 00:10:00,2025,4,237.8,2378.0,TP
②,2025-04-15 22:30:00,2025-04-15 22:35:00,2025-04-15 22:35:00,2025,4,-62.2,-622.0,SL
②,2025-04-16 22:30:00,2025-04-16 22:35:00,2025-04-17 00:00:00,2025,4,-62.2,-622.0,SL
②,2025-04-16 22:35:00,2025-04-16 22:40:00,2025-04-16 23:15:00,2025,4,-62.2,-622.0,SL
②,2025-04-16 22:45:00,2025-04-16 22:50:00,2025-04-16 23:15:00,2025,4,-62.2,-622.0,SL
②,2025-04-16 23:15:00,2025-04-16 23:20:00,2025-04-16 23:20:00,2025,4,-62.2,-622.0,SL
②,2025-04-22 04:50:00,2025-04-22 04:55:00,2025-04-22 08:45:00,2025,4,-62.2,-622.0,SL
②,2025-04-22 04:55:00,2025-04-22 05:00:00,2025-04-22 08:45:00,2025,4,-62.2,-622.0,SL
②,2025-04-22 09:05:00,2025-04-22 09:10:00,2025-04-22 09:20:00,2025,4,-62.2,-622.0,SL
②,2025-04-22 09:10:00,2025-04-22 09:15:00,2025-04-22 09:15:00,2025,4,-62.2,-622.0,SL
②,2025-04-22 09:15:00,2025-04-22 09:20:00,2025-04-22 09:25:00,2025,4,-62.2,-622.0,SL
②,2025-04-22 19:40:00,2025-04-22 19:45:00,2025-04-22 20:20:00,2025,4,-62.2,-622.0,SL
②,2025-04-22 20:00:00,2025-04-22 20:05:00,2025-04-22 20:15:00,2025,4,-62.2,-622.0,SL
②,2025-04-23 09:00:00,2025-04-23 09:05:00,2025-04-23 09:05:00,2025,4,-62.2,-622.0,SL
②,2025-04-23 09:05:00,2025-04-23 09:10:00,2025-04-23 09:15:00,2025,4,-62.2,-622.0,SL
②,2025-04-23 09:10:00,2025-04-23 09:15:00,2025-04-23 09:25:00,2025,4,-62.2,-622.0,SL
②,2025-04-23 22:30:00,2025-04-23 22:35:00,2025-04-24 00:00:00,2025,4,237.8,2378.0,TP
②,2025-04-23 22:35:00,2025-04-23 22:40:00,2025-04-24 00:00:00,2025,4,237.8,2378.0,TP
②,2025-04-23 22:40:00,2025-04-23 22:45:00,2025-04-23 22:50:00,2025,4,-62.2,-622.0,SL
②,2025-04-23 22:45:00,2025-04-23 22:50:00,2025-04-23 22:55:00,2025,4,-62.2,-622.0,SL
②,2025-04-29 08:55:00,2025-04-29 09:00:00,2025-04-29 09:10:00,2025,4,-62.2,-622.0,SL
②,2025-04-29 09:00:00,2025-04-29 09:05:00,2025-04-29 09:20:00,2025,4,-62.2,-622.0,SL
②,2025-04-29 09:05:00,2025-04-29 09:10:00,2025-04-29 09:25:00,2025,4,-62.2,-622.0,SL
②,2025-04-29 12:50:00,2025-04-29 12:55:00,2025-04-29 14:20:00,2025,4,-62.2,-622.0,SL
②,2025-04-29 18:00:00,2025-04-29 18:05:00,2025-04-29 22:10:00,2025,4,122.8,1228.0,TIME
②,2025-04-30 02:45:00,2025-04-30 02:50:00,2025-04-30 05:10:00,2025,4,-62.2,-622.0,SL
②,2025-04-30 14:00:00,2025-04-30 14:05:00,2025-04-30 18:10:00,2025,4,237.8,2378.0,TP
②,2025-04-30 15:10:00,2025-04-30 15:15:00,2025-04-30 15:35:00,2025,4,-62.2,-622.0,SL
②,2025-04-30 15:25:00,2025-04-30 15:30:00,2025-04-30 15:35:00,2025,4,-62.2,-622.0,SL
②,2025-04-30 22:50:00,2025-04-30 22:55:00,2025-04-30 23:00:00,2025,4,-62.2,-622.0,SL
②,2025-04-30 23:15:00,2025-04-30 23:20:00,2025-04-30 23:25:00,2025,4,-62.2,-622.0,SL
②,2025-10-01 04:55:00,2025-10-01 05:00:00,2025-10-01 08:50:00,2025,10,-62.2,-622.0,SL
②,2025-10-01 09:05:00,2025-10-01 09:10:00,2025-10-01 09:10:00,2025,10,-62.2,-622.0,SL
②,2025-10-07 20:50:00,2025-10-07 20:55:00,2025-10-07 21:00:00,2025,10,-62.2,-622.0,SL
②,2025-10-07 20:55:00,2025-10-07 21:00:00,2025-10-07 21:00:00,2025,10,-62.2,-622.0,SL
②,2025-10-07 21:00:00,2025-10-07 21:05:00,2025-10-07 21:05:00,2025,10,-62.2,-622.0,SL
②,2025-10-07 21:05:00,2025-10-07 21:10:00,2025-10-07 23:50:00,2025,10,237.8,2378.0,TP
②,2025-10-08 21:00:00,2025-10-08 21:05:00,2025-10-09 00:00:00,2025,10,-62.2,-622.0,SL
②,2025-10-08 21:05:00,2025-10-08 21:10:00,2025-10-08 23:45:00,2025,10,-62.2,-622.0,SL
②,2025-10-08 22:00:00,2025-10-08 22:05:00,2025-10-08 23:05:00,2025,10,-62.2,-622.0,SL
②,2025-10-14 08:55:00,2025-10-14 09:00:00,2025-10-14 09:00:00,2025,10,237.8,2378.0,TP
②,2025-10-14 09:00:00,2025-10-14 09:05:00,2025-10-14 09:10:00,2025,10,-62.2,-622.0,SL
②,2025-10-14 09:10:00,2025-10-14 09:15:00,2025-10-14 09:15:00,2025,10,237.8,2378.0,TP
②,2025-10-14 09:15:00,2025-10-14 09:20:00,2025-10-14 09:45:00,2025,10,-62.2,-622.0,SL
②,2025-10-15 00:35:00,2025-10-15 00:40:00,2025-10-15 01:20:00,2025,10,237.8,2378.0,TP
②,2025-10-15 00:45:00,2025-10-15 00:50:00,2025-10-15 04:35:00,2025,10,-62.2,-622.0,SL
②,2025-10-15 09:15:00,2025-10-15 09:20:00,2025-10-15 09:40:00,2025,10,-62.2,-622.0,SL
②,2025-10-15 09:20:00,2025-10-15 09:25:00,2025-10-15 09:35:00,2025,10,-62.2,-622.0,SL
②,2025-10-15 14:00:00,2025-10-15 14:05:00,2025-10-15 14:25:00,2025,10,-62.2,-622.0,SL
②,2025-10-21 08:55:00,2025-10-21 09:00:00,2025-10-21 09:00:00,2025,10,-62.2,-622.0,SL
②,2025-10-21 09:00:00,2025-10-21 09:05:00,2025-10-21 09:05:00,2025,10,-62.2,-622.0,SL
②,2025-10-21 22:00:00,2025-10-21 22:05:00,2025-10-21 23:35:00,2025,10,237.8,2378.0,TP
②,2025-10-21 22:05:00,2025-10-21 22:10:00,2025-10-21 23:40:00,2025,10,237.8,2378.0,TP
②,2025-10-21 22:30:00,2025-10-21 22:35:00,2025-10-21 23:55:00,2025,10,237.8,2378.0,TP
②,2025-10-21 22:35:00,2025-10-21 22:40:00,2025-10-22 00:00:00,2025,10,-62.2,-622.0,SL
②,2025-10-21 22:45:00,2025-10-21 22:50:00,2025-10-21 22:55:00,2025,10,-62.2,-622.0,SL
②,2025-10-22 13:00:00,2025-10-22 13:05:00,2025-10-22 13:10:00,2025,10,-62.2,-622.0,SL
②,2025-10-28 04:55:00,2025-10-28 05:00:00,2025-10-28 08:50:00,2025,10,-62.2,-622.0,SL
②,2025-10-28 06:00:00,2025-10-28 08:45:00,2025-10-28 08:45:00,2025,10,-62.2,-622.0,SL
②,2025-10-28 17:00:00,2025-10-28 17:05:00,2025-10-28 17:05:00,2025,10,-62.2,-622.0,SL
②,2025-10-29 01:25:00,2025-10-29 01:30:00,2025-10-29 05:35:00,2025,10,47.8,478.0,TIME
②,2025-10-29 01:30:00,2025-10-29 01:35:00,2025-10-29 05:40:00,2025,10,2.8,28.0,TIME
②,2025-10-29 09:05:00,2025-10-29 09:10:00,2025-10-29 10:10:00,2025,10,237.8,2378.0,TP
②,2025-10-29 09:10:00,2025-10-29 09:15:00,2025-10-29 09:15:00,2025,10,-62.2,-622.0,SL
②,2025-10-29 09:15:00,2025-10-29 09:20:00,2025-10-29 10:15:00,2025,10,237.8,2378.0,TP
②,2025-10-29 09:25:00,2025-10-29 09:30:00,2025-10-29 09:50:00,2025,10,-62.2,-622.0,SL
②,2025-10-29 09:30:00,2025-10-29 09:35:00,2025-10-29 09:45:00,2025,10,-62.2,-622.0,SL
②,2025-10-29 14:15:00,2025-10-29 14:20:00,2025-10-29 14:20:00,2025,10,-62.2,-622.0,SL
②,2025-10-29 14:30:00,2025-10-29 14:35:00,2025-10-29 14:40:00,2025,10,-62.2,-622.0,SL
②,2025-10-29 20:15:00,2025-10-29 20:20:00,2025-10-30 00:00:00,2025,10,237.8,2378.0,TP
②,2025-10-29 22:10:00,2025-10-29 22:15:00,2025-10-29 23:05:00,2025,10,-62.2,-622.0,SL
②,2025-10-29 22:30:00,2025-10-29 22:35:00,2025-10-29 22:45:00,2025,10,-62.2,-622.0,SL
②,2025-11-04 22:40:00,2025-11-04 22:45:00,2025-11-04 23:35:00,2025,11,-62.2,-622.0,SL
②,2025-11-04 23:00:00,2025-11-04 23:05:00,2025-11-04 23:35:00,2025,11,-62.2,-622.0,SL
②,2025-11-04 23:05:00,2025-11-04 23:10:00,2025-11-04 23:35:00,2025,11,-62.2,-622.0,SL
②,2025-11-04 23:30:00,2025-11-04 23:35:00,2025-11-04 23:35:00,2025,11,-62.2,-622.0,SL
②,2025-11-05 12:45:00,2025-11-05 12:50:00,2025-11-05 12:50:00,2025,11,-62.2,-622.0,SL
②,2025-11-05 23:50:00,2025-11-05 23:55:00,2025-11-06 00:00:00,2025,11,-62.2,-622.0,SL
②,2025-11-11 08:45:00,2025-11-11 08:50:00,2025-11-11 08:55:00,2025,11,-62.2,-622.0,SL
②,2025-11-11 08:50:00,2025-11-11 08:55:00,2025-11-11 09:10:00,2025,11,-62.2,-622.0,SL
②,2025-11-11 08:55:00,2025-11-11 09:00:00,2025-11-11 09:00:00,2025,11,-62.2,-622.0,SL
②,2025-11-11 09:00:00,2025-11-11 09:05:00,2025-11-11 09:05:00,2025,11,-62.2,-622.0,SL
②,2025-11-11 09:05:00,2025-11-11 09:10:00,2025-11-11 09:10:00,2025,11,-62.2,-622.0,SL
②,2025-11-11 09:10:00,2025-11-11 09:15:00,2025-11-11 09:15:00,2025,11,-62.2,-622.0,SL
②,2025-11-11 09:35:00,2025-11-11 09:40:00,2025-11-11 09:45:00,2025,11,-62.2,-622.0,SL
②,2025-11-12 17:00:00,2025-11-12 17:05:00,2025-11-12 17:30:00,2025,11,-62.2,-622.0,SL
②,2025-11-18 23:40:00,2025-11-18 23:45:00,2025-11-19 00:00:00,2025,11,-62.2,-622.0,SL
②,2025-11-25 05:50:00,2025-11-25 05:55:00,2025-11-25 08:55:00,2025,11,-62.2,-622.0,SL
②,2025-11-25 08:45:00,2025-11-25 08:50:00,2025-11-25 08:55:00,2025,11,-62.2,-622.0,SL
②,2025-11-25 08:50:00,2025-11-25 08:55:00,2025-11-25 08:55:00,2025,11,-62.2,-622.0,SL
②,2025-11-25 23:35:00,2025-11-25 23:40:00,2025-11-25 23:40:00,2025,11,-62.2,-622.0,SL
②,2025-11-25 23:40:00,2025-11-25 23:45:00,2025-11-25 23:50:00,2025,11,-62.2,-622.0,SL
②,2025-11-25 23:45:00,2025-11-25 23:50:00,2025-11-26 00:00:00,2025,11,-62.2,-622.0,SL
②,2025-11-26 05:30:00,2025-11-26 05:35:00,2025-11-26 08:45:00,2025,11,-62.2,-622.0,SL
②,2025-11-26 05:45:00,2025-11-26 05:50:00,2025-11-26 08:45:00,2025,11,-62.2,-622.0,SL
②,2025-11-26 05:50:00,2025-11-26 05:55:00,2025-11-26 08:45:00,2025,11,-62.2,-622.0,SL
②,2025-11-26 08:45:00,2025-11-26 08:50:00,2025-11-26 09:15:00,2025,11,237.8,2378.0,TP
②,2025-11-26 09:15:00,2025-11-26 09:20:00,2025-11-26 10:05:00,2025,11,237.8,2378.0,TP
②,2025-11-26 09:20:00,2025-11-26 09:25:00,2025-11-26 10:10:00,2025,11,237.8,2378.0,TP
②,2025-11-26 10:30:00,2025-11-26 10:35:00,2025-11-26 12:35:00,2025,11,237.8,2378.0,TP
②,2025-12-02 03:50:00,2025-12-02 03:55:00,2025-12-02 04:05:00,2025,12,-62.2,-622.0,SL
②,2025-12-02 23:35:00,2025-12-02 23:40:00,2025-12-02 23:55:00,2025,12,237.8,2378.0,TP
②,2025-12-02 23:50:00,2025-12-02 23:55:00,2025-12-03 01:20:00,2025,12,-62.2,-622.0,SL
②,2025-12-03 09:05:00,2025-12-03 09:10:00,2025-12-03 11:25:00,2025,12,237.8,2378.0,TP
②,2025-12-03 09:10:00,2025-12-03 09:15:00,2025-12-03 09:25:00,2025,12,-62.2,-622.0,SL
②,2025-12-03 09:15:00,2025-12-03 09:20:00,2025-12-03 09:20:00,2025,12,-62.2,-622.0,SL
②,2025-12-03 09:20:00,2025-12-03 09:25:00,2025-12-03 11:40:00,2025,12,237.8,2378.0,TP
②,2025-12-03 12:30:00,2025-12-03 12:35:00,2025-12-03 15:20:00,2025,12,-62.2,-622.0,SL
②,2025-12-03 12:35:00,2025-12-03 12:40:00,2025-12-03 12:55:00,2025,12,-62.2,-622.0,SL
②,2025-12-03 21:55:00,2025-12-03 22:00:00,2025-12-03 22:15:00,2025,12,-62.2,-622.0,SL
②,2025-12-03 23:40:00,2025-12-03 23:45:00,2025-12-03 23:50:00,2025,12,-62.2,-622.0,SL
②,2025-12-09 08:50:00,2025-12-09 08:55:00,2025-12-09 09:05:00,2025,12,237.8,2378.0,TP
②,2025-12-09 08:55:00,2025-12-09 09:00:00,2025-12-09 09:00:00,2025,12,-62.2,-622.0,SL
②,2025-12-09 09:00:00,2025-12-09 09:05:00,2025-12-09 09:10:00,2025,12,-62.2,-622.0,SL
②,2025-12-09 09:05:00,2025-12-09 09:10:00,2025-12-09 09:10:00,2025,12,-62.2,-622.0,SL
②,2025-12-09 09:10:00,2025-12-09 09:15:00,2025-12-09 09:15:00,2025,12,-62.2,-622.0,SL
②,2025-12-09 09:15:00,2025-12-09 09:20:00,2025-12-09 09:25:00,2025,12,-62.2,-622.0,SL
②,2025-12-10 09:00:00,2025-12-10 09:05:00,2025-12-10 09:45:00,2025,12,-62.2,-622.0,SL
②,2025-12-10 09:05:00,2025-12-10 09:10:00,2025-12-10 09:20:00,2025,12,-62.2,-622.0,SL
②,2025-12-10 09:10:00,2025-12-10 09:15:00,2025-12-10 09:15:00,2025,12,-62.2,-622.0,SL
②,2025-12-10 09:15:00,2025-12-10 09:20:00,2025-12-10 09:40:00,2025,12,-62.2,-622.0,SL
②,2025-12-10 17:00:00,2025-12-10 17:05:00,2025-12-10 18:00:00,2025,12,-62.2,-622.0,SL
②,2025-12-10 23:30:00,2025-12-10 23:35:00,2025-12-11 00:00:00,2025,12,-62.2,-622.0,SL
②,2025-12-10 23:35:00,2025-12-10 23:40:00,2025-12-11 00:00:00,2025,12,-62.2,-622.0,SL
②,2025-12-10 23:40:00,2025-12-10 23:45:00,2025-12-11 00:00:00,2025,12,-62.2,-622.0,SL
②,2025-12-16 21:45:00,2025-12-16 21:50:00,2025-12-16 23:30:00,2025,12,-62.2,-622.0,SL
②,2025-12-17 05:35:00,2025-12-17 05:40:00,2025-12-17 05:50:00,2025,12,-62.2,-622.0,SL
②,2025-12-17 15:30:00,2025-12-17 15:35:00,2025-12-17 17:00:00,2025,12,-62.2,-622.0,SL
②,2025-12-17 22:30:00,2025-12-17 22:35:00,2025-12-17 22:35:00,2025,12,-62.2,-622.0,SL
②,2025-12-17 22:35:00,2025-12-17 22:40:00,2025-12-17 22:50:00,2025,12,-62.2,-622.0,SL
②,2025-12-17 23:30:00,2025-12-17 23:35:00,2025-12-17 23:40:00,2025,12,-62.2,-622.0,SL
②,2025-12-17 23:35:00,2025-12-17 23:40:00,2025-12-17 23:40:00,2025,12,-62.2,-622.0,SL
②,2025-12-23 05:10:00,2025-12-23 05:15:00,2025-12-23 09:10:00,2025,12,237.8,2378.0,TP
②,2025-12-23 08:50:00,2025-12-23 08:55:00,2025-12-23 09:30:00,2025,12,-62.2,-622.0,SL
②,2025-12-23 08:55:00,2025-12-23 09:00:00,2025-12-23 09:00:00,2025,12,-62.2,-622.0,SL
②,2025-12-23 09:00:00,2025-12-23 09:05:00,2025-12-23 09:30:00,2025,12,-62.2,-622.0,SL
②,2025-12-23 09:05:00,2025-12-23 09:10:00,2025-12-23 09:10:00,2025,12,-62.2,-622.0,SL
②,2025-12-23 09:10:00,2025-12-23 09:15:00,2025-12-23 09:15:00,2025,12,-62.2,-622.0,SL
②,2025-12-23 09:15:00,2025-12-23 09:20:00,2025-12-23 09:30:00,2025,12,-62.2,-622.0,SL
②,2025-12-24 22:30:00,2025-12-24 22:35:00,2025-12-24 22:35:00,2025,12,-62.2,-622.0,SL
②,2025-12-24 22:35:00,2025-12-24 22:40:00,2025-12-25 00:00:00,2025,12,-62.2,-622.0,SL
②,2025-12-24 22:40:00,2025-12-24 22:45:00,2025-12-25 00:00:00,2025,12,-62.2,-622.0,SL
②,2025-12-24 22:55:00,2025-12-24 23:00:00,2025-12-25 00:00:00,2025,12,-62.2,-622.0,SL
②,2025-12-24 23:30:00,2025-12-24 23:35:00,2025-12-24 23:55:00,2025,12,-62.2,-622.0,SL
②,2025-12-24 23:35:00,2025-12-24 23:40:00,2025-12-24 23:55:00,2025,12,-62.2,-622.0,SL
②,2025-12-30 04:35:00,2025-12-30 04:40:00,2025-12-30 08:45:00,2025,12,-62.2,-622.0,SL
②,2025-12-30 23:35:00,2025-12-30 23:40:00,2025-12-30 23:45:00,2025,12,-62.2,-622.0,SL
②,2025-12-30 23:45:00,2025-12-30 23:50:00,2026-01-05 00:00:00,2025,12,237.8,2378.0,TP
②,2026-01-06 00:55:00,2026-01-06 01:00:00,2026-01-06 03:15:00,2026,1,-62.2,-622.0,SL
②,2026-01-06 06:00:00,2026-01-06 08:45:00,2026-01-06 09:00:00,2026,1,237.8,2378.0,TP
②,2026-01-06 08:45:00,2026-01-06 08:50:00,2026-01-06 08:50:00,2026,1,-62.2,-622.0,SL
②,2026-01-06 08:50:00,2026-01-06 08:55:00,2026-01-06 09:00:00,2026,1,237.8,2378.0,TP
②,2026-01-06 09:05:00,2026-01-06 09:10:00,2026-01-06 09:10:00,2026,1,-62.2,-622.0,SL
②,2026-01-06 09:10:00,2026-01-06 09:15:00,2026-01-06 09:15:00,2026,1,-62.2,-622.0,SL
②,2026-01-06 14:05:00,2026-01-06 14:10:00,2026-01-06 14:30:00,2026,1,-62.2,-622.0,SL
②,2026-01-07 05:50:00,2026-01-07 05:55:00,2026-01-07 09:00:00,2026,1,237.8,2378.0,TP
②,2026-01-07 08:55:00,2026-01-07 09:00:00,2026-01-07 09:00:00,2026,1,-62.2,-622.0,SL
②,2026-01-07 09:00:00,2026-01-07 09:05:00,2026-01-07 09:40:00,2026,1,-62.2,-622.0,SL
②,2026-01-07 09:05:00,2026-01-07 09:10:00,2026-01-07 09:30:00,2026,1,-62.2,-622.0,SL
②,2026-01-07 09:10:00,2026-01-07 09:15:00,2026-01-07 09:20:00,2026,1,-62.2,-622.0,SL
②,2026-01-07 09:15:00,2026-01-07 09:20:00,2026-01-07 09:30:00,2026,1,-62.2,-622.0,SL
②,2026-01-07 17:30:00,2026-01-07 17:35:00,2026-01-07 18:00:00,2026,1,-62.2,-622.0,SL
②,2026-01-07 23:45:00,2026-01-07 23:50:00,2026-01-08 00:00:00,2026,1,-62.2,-622.0,SL
②,2026-01-13 06:00:00,2026-01-13 08:45:00,2026-01-13 08:45:00,2026,1,-62.2,-622.0,SL
②,2026-01-13 13:15:00,2026-01-13 13:20:00,2026-01-13 13:20:00,2026,1,-62.2,-622.0,SL
②,2026-01-13 23:40:00,2026-01-13 23:45:00,2026-01-14 00:20:00,2026,1,-62.2,-622.0,SL
②,2026-01-14 06:00:00,2026-01-14 08:45:00,2026-01-14 08:45:00,2026,1,-62.2,-622.0,SL
②,2026-01-14 08:45:00,2026-01-14 08:50:00,2026-01-14 08:55:00,2026,1,-62.2,-622.0,SL
②,2026-01-14 09:05:00,2026-01-14 09:10:00,2026-01-14 09:10:00,2026,1,237.8,2378.0,TP
②,2026-01-14 20:45:00,2026-01-14 20:50:00,2026-01-14 21:55:00,2026,1,-62.2,-622.0,SL
②,2026-01-14 22:30:00,2026-01-14 22:35:00,2026-01-14 22:35:00,2026,1,-62.2,-622.0,SL
②,2026-01-14 22:35:00,2026-01-14 22:40:00,2026-01-15 00:10:00,2026,1,237.8,2378.0,TP
②,2026-01-14 23:30:00,2026-01-14 23:35:00,2026-01-15 00:00:00,2026,1,-62.2,-622.0,SL
②,2026-01-14 23:40:00,2026-01-14 23:45:00,2026-01-15 00:00:00,2026,1,-62.2,-622.0,SL
②,2026-01-20 23:00:00,2026-01-20 23:05:00,2026-01-20 23:10:00,2026,1,-62.2,-622.0,SL
②,2026-01-21 09:10:00,2026-01-21 09:15:00,2026-01-21 09:15:00,2026,1,-62.2,-622.0,SL
②,2026-01-21 09:15:00,2026-01-21 09:20:00,2026-01-21 09:45:00,2026,1,237.8,2378.0,TP
②,2026-01-27 08:45:00,2026-01-27 08:50:00,2026-01-27 09:00:00,2026,1,-62.2,-622.0,SL
②,2026-01-27 08:50:00,2026-01-27 08:55:00,2026-01-27 09:00:00,2026,1,-62.2,-622.0,SL
②,2026-01-27 08:55:00,2026-01-27 09:00:00,2026-01-27 09:00:00,2026,1,-62.2,-622.0,SL
②,2026-01-27 09:00:00,2026-01-27 09:05:00,2026-01-27 09:40:00,2026,1,237.8,2378.0,TP
②,2026-01-27 09:05:00,2026-01-27 09:10:00,2026-01-27 09:40:00,2026,1,237.8,2378.0,TP
②,2026-01-27 09:10:00,2026-01-27 09:15:00,2026-01-27 09:40:00,2026,1,237.8,2378.0,TP
②,2026-01-27 12:30:00,2026-01-27 12:35:00,2026-01-27 15:05:00,2026,1,237.8,2378.0,TP
②,2026-01-27 12:35:00,2026-01-27 12:40:00,2026-01-27 15:35:00,2026,1,237.8,2378.0,TP
②,2026-01-27 23:40:00,2026-01-27 23:45:00,2026-01-27 23:45:00,2026,1,-62.2,-622.0,SL
②,2026-01-28 00:05:00,2026-01-28 00:10:00,2026-01-28 04:15:00,2026,1,147.8,1478.0,TIME
②,2026-01-28 15:30:00,2026-01-28 15:35:00,2026-01-28 15:35:00,2026,1,-62.2,-622.0,SL
②,2026-01-28 22:45:00,2026-01-28 22:50:00,2026-01-29 00:00:00,2026,1,237.8,2378.0,TP
②,2026-02-03 08:45:00,2026-02-03 08:50:00,2026-02-03 09:05:00,2026,2,-62.2,-622.0,SL
②,2026-02-03 08:50:00,2026-02-03 08:55:00,2026-02-03 09:00:00,2026,2,-62.2,-622.0,SL
②,2026-02-03 08:55:00,2026-02-03 09:00:00,2026-02-03 09:00:00,2026,2,-62.2,-622.0,SL
②,2026-02-03 09:00:00,2026-02-03 09:05:00,2026-02-03 09:05:00,2026,2,-62.2,-622.0,SL
②,2026-02-03 09:05:00,2026-02-03 09:10:00,2026-02-03 09:10:00,2026,2,-62.2,-622.0,SL
②,2026-02-03 09:10:00,2026-02-03 09:15:00,2026-02-03 10:05:00,2026,2,237.8,2378.0,TP
②,2026-02-03 12:55:00,2026-02-03 13:00:00,2026-02-03 13:40:00,2026,2,237.8,2378.0,TP
②,2026-02-03 13:00:00,2026-02-03 13:05:00,2026-02-03 13:05:00,2026,2,-62.2,-622.0,SL
②,2026-02-03 13:30:00,2026-02-03 13:35:00,2026-02-03 15:45:00,2026,2,-62.2,-622.0,SL
②,2026-02-03 23:40:00,2026-02-03 23:45:00,2026-02-04 00:00:00,2026,2,237.8,2378.0,TP
②,2026-02-04 08:45:00,2026-02-04 08:50:00,2026-02-04 08:50:00,2026,2,-62.2,-622.0,SL
②,2026-02-04 08:50:00,2026-02-04 08:55:00,2026-02-04 10:05:00,2026,2,237.8,2378.0,TP
②,2026-02-04 08:55:00,2026-02-04 09:00:00,2026-02-04 09:00:00,2026,2,-62.2,-622.0,SL
②,2026-02-04 09:00:00,2026-02-04 09:05:00,2026-02-04 09:10:00,2026,2,-62.2,-622.0,SL
②,2026-02-04 17:00:00,2026-02-04 17:05:00,2026-02-04 17:05:00,2026,2,-62.2,-622.0,SL
②,2026-02-11 09:00:00,2026-02-11 09:05:00,2026-02-11 09:15:00,2026,2,-62.2,-622.0,SL
②,2026-02-11 09:20:00,2026-02-11 09:25:00,2026-02-11 10:15:00,2026,2,237.8,2378.0,TP
②,2026-02-11 17:00:00,2026-02-11 17:05:00,2026-02-11 17:45:00,2026,2,237.8,2378.0,TP
②,2026-02-11 17:45:00,2026-02-11 17:50:00,2026-02-11 18:15:00,2026,2,237.8,2378.0,TP
②,2026-02-11 17:50:00,2026-02-11 17:55:00,2026-02-11 18:15:00,2026,2,237.8,2378.0,TP
②,2026-02-17 08:55:00,2026-02-17 09:00:00,2026-02-17 09:00:00,2026,2,-62.2,-622.0,SL
②,2026-02-17 09:00:00,2026-02-17 09:05:00,2026-02-17 09:05:00,2026,2,-62.2,-622.0,SL
②,2026-02-18 13:30:00,2026-02-18 13:35:00,2026-02-18 14:05:00,2026,2,-62.2,-622.0,SL
②,2026-02-18 22:50:00,2026-02-18 22:55:00,2026-02-18 22:55:00,2026,2,-62.2,-622.0,SL
②,2026-02-18 23:35:00,2026-02-18 23:40:00,2026-02-18 23:40:00,2026,2,-62.2,-622.0,SL
②,2026-02-24 09:20:00,2026-02-24 09:25:00,2026-02-24 09:45:00,2026,2,237.8,2378.0,TP
②,2026-02-24 23:30:00,2026-02-24 23:35:00,2026-02-24 23:40:00,2026,2,-62.2,-622.0,SL
②,2026-02-24 23:35:00,2026-02-24 23:40:00,2026-02-24 23:40:00,2026,2,-62.2,-622.0,SL
②,2026-02-24 23:40:00,2026-02-24 23:45:00,2026-02-25 00:00:00,2026,2,237.8,2378.0,TP
②,2026-02-25 12:45:00,2026-02-25 12:50:00,2026-02-25 13:20:00,2026,2,237.8,2378.0,TP
②,2026-03-04 04:35:00,2026-03-04 04:40:00,2026-03-04 04:55:00,2026,3,-62.2,-622.0,SL
②,2026-03-10 22:30:00,2026-03-10 22:35:00,2026-03-10 22:35:00,2026,3,-62.2,-622.0,SL
②,2026-03-11 09:00:00,2026-03-11 09:05:00,2026-03-11 09:05:00,2026,3,237.8,2378.0,TP
②,2026-03-11 09:05:00,2026-03-11 09:10:00,2026-03-11 09:10:00,2026,3,-62.2,-622.0,SL
②,2026-03-11 09:10:00,2026-03-11 09:15:00,2026-03-11 09:20:00,2026,3,-62.2,-622.0,SL
②,2026-03-11 09:15:00,2026-03-11 09:20:00,2026-03-11 09:20:00,2026,3,-62.2,-622.0,SL
②,2026-03-11 20:00:00,2026-03-11 20:05:00,2026-03-11 20:05:00,2026,3,-62.2,-622.0,SL
②,2026-03-18 09:15:00,2026-03-18 09:20:00,2026-03-18 09:35:00,2026,3,-62.2,-622.0,SL
②,2026-03-18 09:20:00,2026-03-18 09:25:00,2026-03-18 09:30:00,2026,3,-62.2,-622.0,SL
②,2026-03-18 21:30:00,2026-03-18 21:35:00,2026-03-18 21:45:00,2026,3,-62.2,-622.0,SL
②,2026-03-18 22:30:00,2026-03-18 22:35:00,2026-03-18 22:40:00,2026,3,-62.2,-622.0,SL
②,2026-03-24 03:35:00,2026-03-24 03:40:00,2026-03-24 03:40:00,2026,3,-62.2,-622.0,SL
②,2026-03-24 20:05:00,2026-03-24 20:10:00,2026-03-24 20:10:00,2026,3,-62.2,-622.0,SL
②,2026-03-25 09:00:00,2026-03-25 09:05:00,2026-03-25 09:05:00,2026,3,-62.2,-622.0,SL
②,2026-03-25 09:05:00,2026-03-25 09:10:00,2026-03-25 09:10:00,2026,3,237.8,2378.0,TP
②,2026-03-25 09:10:00,2026-03-25 09:15:00,2026-03-25 09:15:00,2026,3,-62.2,-622.0,SL
②,2026-04-01 01:40:00,2026-04-01 01:45:00,2026-04-01 01:45:00,2026,4,-62.2,-622.0,SL
②,2026-04-01 15:25:00,2026-04-01 15:30:00,2026-04-01 17:00:00,2026,4,-62.2,-622.0,SL
②,2026-04-01 20:10:00,2026-04-01 20:15:00,2026-04-01 21:00:00,2026,4,237.8,2378.0,TP
②,2026-04-01 20:15:00,2026-04-01 20:20:00,2026-04-01 20:20:00,2026,4,-62.2,-622.0,SL
②,2026-04-01 20:20:00,2026-04-01 20:25:00,2026-04-01 20:25:00,2026,4,-62.2,-622.0,SL
②,2026-04-07 00:10:00,2026-04-07 00:15:00,2026-04-07 00:35:00,2026,4,-62.2,-622.0,SL
②,2026-04-07 00:15:00,2026-04-07 00:20:00,2026-04-07 00:35:00,2026,4,-62.2,-622.0,SL
②,2026-04-07 23:00:00,2026-04-07 23:05:00,2026-04-08 00:00:00,2026,4,-62.2,-622.0,SL
②,2026-04-08 01:00:00,2026-04-08 01:05:00,2026-04-08 01:05:00,2026,4,-62.2,-622.0,SL
②,2026-04-08 04:45:00,2026-04-08 04:50:00,2026-04-08 05:15:00,2026,4,237.8,2378.0,TP
②,2026-04-08 09:15:00,2026-04-08 09:20:00,2026-04-08 09:20:00,2026,4,-62.2,-622.0,SL
②,2026-04-08 09:20:00,2026-04-08 09:25:00,2026-04-08 09:30:00,2026,4,-62.2,-622.0,SL
