system,side,entry_time,exit_time,entry_price,exit_price,pnl,reason,signal_bid,signal_ask,spread,slip_est
③,short,2026-04-13 19:55:00,2026-04-13 19:59:58,56680.0,56740.0,-60.0,SL到達,56685.0,56680.0,-5.0,-5.0
③,short,2026-04-13 18:55:00,2026-04-13 19:59:59,56695.0,56755.0,-60.0,SL到達,56705.0,56700.0,-5.0,-10.0
③,short,2026-04-13 19:05:00,2026-04-13 19:59:59,56685.0,56755.0,-70.0,SL到達,56690.0,56685.0,-5.0,-5.0
③,short,2026-04-13 19:25:00,2026-04-13 19:59:59,56685.0,56755.0,-70.0,SL到達,56685.0,56680.0,-5.0,0.0
③,short,2026-04-13 19:30:00,2026-04-13 19:59:59,56695.0,56755.0,-60.0,SL到達,56700.0,56695.0,-5.0,-5.0
③,short,2026-04-13 19:44:59,2026-04-13 19:59:59,56690.0,56755.0,-65.0,SL到達,56690.0,56685.0,-5.0,0.0
③,short,2026-04-13 19:50:00,2026-04-13 19:59:59,56695.0,56755.0,-60.0,SL到達,56700.0,56695.0,-5.0,-5.0
③,short,2026-04-13 19:00:00,2026-04-13 20:00:00,56705.0,56780.0,-75.0,SL到達,56700.0,56695.0,-5.0,5.0
③,short,2026-04-13 19:10:00,2026-04-13 20:00:00,56720.0,56780.0,-60.0,SL到達,56720.0,56715.0,-5.0,0.0
①,long,2026-04-13 20:05:00,2026-04-13 20:21:32,56775.0,56710.0,-65.0,SL到達,56775.0,56770.0,-5.0,-5.0
①,long,2026-04-13 20:10:00,2026-04-13 20:24:50,56745.0,56685.0,-60.0,SL到達,56750.0,56745.0,-5.0,0.0
①,long,2026-04-13 20:15:00,2026-04-13 20:24:50,56745.0,56685.0,-60.0,SL到達,56745.0,56740.0,-5.0,-5.0
③,short,2026-04-13 20:25:00,2026-04-13 20:56:28,56690.0,56450.0,240.0,TP到達,56690.0,56685.0,-5.0,0.0
③,short,2026-04-13 20:50:00,2026-04-13 21:18:22,56535.0,56595.0,-60.0,SL到達,56540.0,56530.0,-10.0,-5.0
③,short,2026-04-13 20:40:00,2026-04-13 21:34:46,56550.0,56610.0,-60.0,SL到達,56550.0,56545.0,-5.0,0.0
①,long,2026-04-13 21:35:00,2026-04-13 21:37:11,56590.0,56530.0,-60.0,SL到達,56595.0,56590.0,-5.0,0.0
①,long,2026-04-13 21:30:00,2026-04-13 21:37:48,56580.0,56520.0,-60.0,SL到達,56585.0,56580.0,-5.0,0.0
①,long,2026-04-13 21:25:00,2026-04-13 21:43:14,56560.0,56500.0,-60.0,SL到達,56565.0,56560.0,-5.0,0.0
③,short,2026-04-13 20:45:00,2026-04-13 22:20:34,56575.0,56635.0,-60.0,SL到達,56580.0,56575.0,-5.0,-5.0
③,short,2026-04-13 20:34:59,2026-04-13 22:25:34,56620.0,56680.0,-60.0,SL到達,56620.0,56610.0,-10.0,0.0
③,short,2026-04-13 20:30:00,2026-04-13 22:25:38,56625.0,56690.0,-65.0,SL到達,56625.0,56620.0,-5.0,0.0
①,long,2026-04-13 22:05:00,2026-04-13 22:48:48,56585.0,56825.0,240.0,TP到達,56590.0,56585.0,-5.0,0.0
①,long,2026-04-13 22:10:00,2026-04-13 22:48:49,56590.0,56845.0,255.0,TP到達,56590.0,56585.0,-5.0,-5.0
①,long,2026-04-13 22:15:00,2026-04-13 22:49:14,56620.0,56885.0,265.0,TP到達,56620.0,56615.0,-5.0,-5.0
①,long,2026-04-13 22:20:00,2026-04-13 22:49:14,56620.0,56885.0,265.0,TP到達,56620.0,56615.0,-5.0,-5.0
①,long,2026-04-13 22:25:00,2026-04-13 22:49:15,56650.0,56905.0,255.0,TP到達,56650.0,56645.0,-5.0,-5.0
①,long,2026-04-13 22:30:00,2026-04-13 22:49:24,56695.0,56935.0,240.0,TP到達,56700.0,56695.0,-5.0,0.0
①,long,2026-04-13 22:35:00,2026-04-13 22:49:24,56695.0,56935.0,240.0,TP到達,56700.0,56695.0,-5.0,0.0
①,long,2026-04-13 22:40:00,2026-04-13 22:49:24,56695.0,56935.0,240.0,TP到達,56700.0,56695.0,-5.0,0.0
①,long,2026-04-13 22:45:00,2026-04-13 22:49:24,56695.0,56935.0,240.0,TP到達,56695.0,56690.0,-5.0,-5.0
①,long,2026-04-13 22:50:00,2026-04-13 22:52:06,56980.0,56915.0,-65.0,SL到達,56985.0,56980.0,-5.0,0.0
①,long,2026-04-13 23:00:00,2026-04-13 23:02:06,57040.0,56980.0,-60.0,SL到達,57045.0,57040.0,-5.0,0.0
①,long,2026-04-13 23:45:00,2026-04-13 23:48:12,57110.0,57050.0,-60.0,SL到達,57115.0,57110.0,-5.0,0.0
①,long,2026-04-13 23:35:00,2026-04-13 23:49:23,57090.0,57020.0,-70.0,SL到達,57095.0,57090.0,-5.0,0.0
①,long,2026-04-13 22:55:00,2026-04-13 23:50:00,56925.0,57035.0,110.0,夜間終了強制決済,56925.0,56920.0,-5.0,-5.0
①,long,2026-04-13 23:05:00,2026-04-13 23:50:00,57020.0,57035.0,15.0,夜間終了強制決済,57020.0,57015.0,-5.0,-5.0
①,long,2026-04-13 23:10:00,2026-04-13 23:50:00,57000.0,57035.0,35.0,夜間終了強制決済,57010.0,57000.0,-10.0,0.0
①,long,2026-04-13 23:15:00,2026-04-13 23:50:00,57010.0,57035.0,25.0,夜間終了強制決済,57015.0,57010.0,-5.0,0.0
①,long,2026-04-13 23:20:00,2026-04-13 23:50:00,57015.0,57035.0,20.0,夜間終了強制決済,57015.0,57010.0,-5.0,-5.0
①,long,2026-04-13 23:25:00,2026-04-13 23:50:00,57065.0,57035.0,-30.0,夜間終了強制決済,57070.0,57065.0,-5.0,0.0
①,long,2026-04-13 23:30:00,2026-04-13 23:50:00,57075.0,57035.0,-40.0,夜間終了強制決済,57075.0,57070.0,-5.0,-5.0
①,long,2026-04-13 23:40:00,2026-04-13 23:50:00,57055.0,57035.0,-20.0,夜間終了強制決済,57055.0,57050.0,-5.0,-5.0
③,short,2026-04-15 05:40:00,2026-04-15 05:50:30,58790.0,58850.0,-60.0,SL到達,58790.0,58785.0,-5.0,0.0
③,short,2026-04-15 08:45:01,2026-04-15 08:45:12,58730.0,58800.0,-70.0,SL到達,58735.0,58705.0,-30.0,-5.0
③,short,2026-04-15 08:50:00,2026-04-15 09:03:25,58845.0,58600.0,245.0,TP到達,58845.0,58840.0,-5.0,0.0
①,long,2026-04-15 12:05:00,2026-04-15 12:41:05,58320.0,58560.0,240.0,TP到達,58325.0,58320.0,-5.0,0.0
①,long,2026-04-15 11:55:00,2026-04-15 12:41:43,58325.0,58565.0,240.0,TP到達,58330.0,58325.0,-5.0,0.0
①,long,2026-04-15 12:00:00,2026-04-15 12:41:43,58325.0,58565.0,240.0,TP到達,58330.0,58325.0,-5.0,0.0
①,long,2026-04-15 12:20:00,2026-04-15 12:42:16,58330.0,58570.0,240.0,TP到達,58335.0,58330.0,-5.0,0.0
①,long,2026-04-15 12:40:00,2026-04-15 12:48:27,58525.0,58465.0,-60.0,SL到達,58525.0,58520.0,-5.0,-5.0
①,long,2026-04-15 12:45:00,2026-04-15 13:04:09,58510.0,58450.0,-60.0,SL到達,58515.0,58510.0,-5.0,0.0
①,long,2026-04-15 12:50:00,2026-04-15 13:05:44,58485.0,58425.0,-60.0,SL到達,58485.0,58480.0,-5.0,-5.0
①,long,2026-04-15 12:10:00,2026-04-15 14:00:07,58340.0,58590.0,250.0,TP到達,58340.0,58335.0,-5.0,-5.0
①,long,2026-04-15 12:15:00,2026-04-15 14:00:09,58365.0,58615.0,250.0,TP到達,58370.0,58360.0,-10.0,-5.0
①,long,2026-04-15 12:35:00,2026-04-15 14:05:17,58430.0,58370.0,-60.0,SL到達,58435.0,58430.0,-5.0,0.0
③,short,2026-04-15 14:05:00,2026-04-15 14:10:50,58400.0,58460.0,-60.0,SL到達,58395.0,58390.0,-5.0,5.0
③,short,2026-04-15 14:10:00,2026-04-15 14:14:39,58425.0,58485.0,-60.0,SL到達,58430.0,58425.0,-5.0,-5.0
③,short,2026-04-15 14:15:00,2026-04-15 14:25:21,58495.0,58255.0,240.0,TP到達,58500.0,58495.0,-5.0,-5.0
③,short,2026-04-15 14:20:00,2026-04-15 14:37:07,58415.0,58170.0,245.0,TP到達,58425.0,58415.0,-10.0,-10.0
③,short,2026-04-15 14:50:00,2026-04-15 14:55:59,58180.0,58245.0,-65.0,SL到達,58185.0,58180.0,-5.0,-5.0
③,short,2026-04-15 14:55:00,2026-04-15 14:55:59,58185.0,58245.0,-60.0,SL到達,58185.0,58180.0,-5.0,0.0
③,short,2026-04-15 14:40:00,2026-04-15 14:56:02,58195.0,58255.0,-60.0,SL到達,58195.0,58190.0,-5.0,0.0
③,short,2026-04-15 14:45:00,2026-04-15 14:56:06,58200.0,58260.0,-60.0,SL到達,58200.0,58195.0,-5.0,0.0
③,short,2026-04-15 14:35:00,2026-04-15 14:59:31,58215.0,58280.0,-65.0,SL到達,58220.0,58210.0,-10.0,-5.0
①,long,2026-04-15 15:15:00,2026-04-15 15:22:09,58280.0,58215.0,-65.0,SL到達,58280.0,58275.0,-5.0,-5.0
③,short,2026-04-15 15:25:00,2026-04-15 15:30:02,58235.0,58295.0,-60.0,SL到達,58240.0,58235.0,-5.0,-5.0
③,short,2026-04-15 15:20:00,2026-04-15 15:30:03,58240.0,58310.0,-70.0,SL到達,58245.0,58240.0,-5.0,-5.0
③,short,2026-04-15 15:10:00,2026-04-15 15:30:05,58255.0,58315.0,-60.0,SL到達,58265.0,58260.0,-5.0,-10.0
③,short,2026-04-15 14:25:00,2026-04-15 15:30:07,58270.0,58335.0,-65.0,SL到達,58275.0,58265.0,-10.0,-5.0
③,short,2026-04-15 14:30:00,2026-04-15 15:30:07,58270.0,58335.0,-65.0,SL到達,58275.0,58270.0,-5.0,-5.0
③,short,2026-04-15 15:05:00,2026-04-15 15:30:07,58265.0,58335.0,-70.0,SL到達,58265.0,58260.0,-5.0,0.0
③,short,2026-04-15 15:00:00,2026-04-15 15:45:02,58285.0,58360.0,-75.0,SL到達,58285.0,58280.0,-5.0,0.0
①,long,2026-04-15 17:00:02,2026-04-15 17:04:45,58350.0,58290.0,-60.0,SL到達,58360.0,58355.0,-5.0,5.0
①,long,2026-04-15 18:00:00,2026-04-15 18:02:42,58405.0,58345.0,-60.0,SL到達,58405.0,58400.0,-5.0,-5.0
①,long,2026-04-15 18:05:00,2026-04-15 18:06:24,58335.0,58275.0,-60.0,SL到達,58335.0,58330.0,-5.0,-5.0
③,short,2026-04-15 19:00:00,2026-04-15 19:06:50,58265.0,58325.0,-60.0,SL到達,58270.0,58260.0,-10.0,-5.0
③,short,2026-04-15 19:05:00,2026-04-15 19:07:18,58280.0,58345.0,-65.0,SL到達,58280.0,58275.0,-5.0,0.0
①,long,2026-04-15 19:15:00,2026-04-15 19:15:55,58285.0,58215.0,-70.0,SL到達,58290.0,58285.0,-5.0,0.0
①,long,2026-04-15 19:20:00,2026-04-15 19:22:12,58250.0,58185.0,-65.0,SL到達,58250.0,58245.0,-5.0,-5.0
③,short,2026-04-15 19:35:00,2026-04-15 19:42:42,58175.0,58235.0,-60.0,SL到達,58180.0,58175.0,-5.0,-5.0
③,short,2026-04-15 19:30:00,2026-04-15 19:42:46,58180.0,58240.0,-60.0,SL到達,58185.0,58180.0,-5.0,-5.0
③,short,2026-04-15 19:25:00,2026-04-15 19:42:47,58200.0,58260.0,-60.0,SL到達,58205.0,58200.0,-5.0,-5.0
③,short,2026-04-15 19:40:01,2026-04-15 19:42:47,58185.0,58260.0,-75.0,SL到達,58190.0,58185.0,-5.0,-5.0
③,short,2026-04-15 19:45:00,2026-04-15 20:30:20,58285.0,58345.0,-60.0,SL到達,58285.0,58280.0,-5.0,0.0
①,long,2026-04-15 20:40:00,2026-04-15 21:01:49,58340.0,58275.0,-65.0,SL到達,58340.0,58335.0,-5.0,-5.0
①,long,2026-04-15 20:45:00,2026-04-15 21:01:49,58345.0,58275.0,-70.0,SL到達,58345.0,58340.0,-5.0,-5.0
①,long,2026-04-15 20:50:00,2026-04-15 21:01:49,58335.0,58275.0,-60.0,SL到達,58335.0,58330.0,-5.0,-5.0
①,long,2026-04-15 20:55:00,2026-04-15 21:01:49,58340.0,58275.0,-65.0,SL到達,58340.0,58335.0,-5.0,-5.0
①,long,2026-04-15 21:00:00,2026-04-15 21:05:05,58330.0,58270.0,-60.0,SL到達,58330.0,58325.0,-5.0,-5.0
①,long,2026-04-15 20:35:00,2026-04-15 21:05:06,58325.0,58265.0,-60.0,SL到達,58325.0,58320.0,-5.0,-5.0
①,long,2026-04-15 20:15:00,2026-04-15 21:05:07,58320.0,58260.0,-60.0,SL到達,58325.0,58320.0,-5.0,0.0
①,long,2026-04-15 20:25:00,2026-04-15 21:05:16,58315.0,58255.0,-60.0,SL到達,58315.0,58310.0,-5.0,-5.0
①,long,2026-04-15 20:00:00,2026-04-15 21:05:21,58310.0,58245.0,-65.0,SL到達,58315.0,58310.0,-5.0,0.0
①,long,2026-04-15 20:10:00,2026-04-15 21:05:21,58305.0,58245.0,-60.0,SL到達,58305.0,58300.0,-5.0,-5.0
①,long,2026-04-15 20:20:00,2026-04-15 21:05:21,58310.0,58245.0,-65.0,SL到達,58310.0,58305.0,-5.0,-5.0
①,long,2026-04-15 20:30:00,2026-04-15 21:05:21,58305.0,58245.0,-60.0,SL到達,58305.0,58295.0,-10.0,-10.0
①,long,2026-04-15 20:05:00,2026-04-15 21:05:24,58300.0,58235.0,-65.0,SL到達,58300.0,58295.0,-5.0,-5.0
①,long,2026-04-15 19:55:00,2026-04-15 21:05:34,58285.0,58225.0,-60.0,SL到達,58290.0,58285.0,-5.0,0.0
①,long,2026-04-15 21:05:00,2026-04-15 21:05:39,58275.0,58215.0,-60.0,SL到達,58280.0,58275.0,-5.0,0.0
①,long,2026-04-15 21:55:00,2026-04-15 22:44:58,58330.0,58270.0,-60.0,SL到達,58330.0,58325.0,-5.0,-5.0
③,short,2026-04-15 23:20:00,2026-04-15 23:24:04,58330.0,58390.0,-60.0,SL到達,58335.0,58330.0,-5.0,-5.0
①,long,2026-04-15 23:35:00,2026-04-15 23:39:36,58390.0,58330.0,-60.0,SL到達,58390.0,58385.0,-5.0,-5.0
①,long,2026-04-15 21:50:00,2026-04-15 23:50:00,58315.0,58415.0,100.0,夜間終了強制決済,58315.0,58310.0,-5.0,-5.0
①,long,2026-04-15 23:15:00,2026-04-15 23:50:00,58370.0,58415.0,45.0,夜間終了強制決済,58375.0,58370.0,-5.0,0.0
①,long,2026-04-15 23:40:01,2026-04-15 23:50:00,58340.0,58415.0,75.0,夜間終了強制決済,58345.0,58340.0,-5.0,0.0
③,short,2026-04-16 05:35:00,2026-04-16 05:54:39,58560.0,58620.0,-60.0,SL到達,58570.0,58565.0,-5.0,-10.0
③,short,2026-04-16 08:45:02,2026-04-16 08:51:33,58695.0,58755.0,-60.0,SL到達,58695.0,58675.0,-20.0,0.0
③,short,2026-04-16 14:00:00,2026-04-16 14:10:03,59510.0,59575.0,-65.0,SL到達,59515.0,59510.0,-5.0,-5.0
③,short,2026-04-16 12:55:00,2026-04-16 14:19:05,59535.0,59600.0,-65.0,SL到達,59535.0,59530.0,-5.0,0.0
③,short,2026-04-16 14:05:00,2026-04-16 14:19:05,59535.0,59600.0,-65.0,SL到達,59540.0,59535.0,-5.0,-5.0
③,short,2026-04-16 12:50:00,2026-04-16 14:23:30,59570.0,59630.0,-60.0,SL到達,59570.0,59565.0,-5.0,0.0
③,short,2026-04-16 19:50:00,2026-04-16 19:55:09,59275.0,59335.0,-60.0,SL到達,59275.0,59270.0,-5.0,0.0
③,short,2026-04-16 20:15:01,2026-04-16 20:30:33,59265.0,59325.0,-60.0,SL到達,59270.0,59265.0,-5.0,-5.0
③,short,2026-04-16 20:20:00,2026-04-16 20:30:38,59270.0,59330.0,-60.0,SL到達,59275.0,59270.0,-5.0,-5.0
③,short,2026-04-16 20:25:00,2026-04-16 20:30:41,59275.0,59335.0,-60.0,SL到達,59280.0,59275.0,-5.0,-5.0
③,short,2026-04-16 19:55:00,2026-04-16 22:51:43,59320.0,59080.0,240.0,TP到達,59325.0,59320.0,-5.0,-5.0
③,short,2026-04-16 20:05:00,2026-04-16 22:51:49,59310.0,59070.0,240.0,TP到達,59310.0,59305.0,-5.0,0.0
③,short,2026-04-16 19:45:00,2026-04-16 22:51:50,59305.0,59065.0,240.0,TP到達,59305.0,59300.0,-5.0,0.0
③,short,2026-04-16 20:30:00,2026-04-16 22:51:50,59305.0,59065.0,240.0,TP到達,59305.0,59300.0,-5.0,0.0
③,short,2026-04-16 20:00:00,2026-04-16 22:51:58,59295.0,59055.0,240.0,TP到達,59295.0,59290.0,-5.0,0.0
③,short,2026-04-16 20:10:00,2026-04-16 22:52:26,59285.0,59045.0,240.0,TP到達,59290.0,59285.0,-5.0,-5.0
③,short,2026-04-16 22:55:00,2026-04-16 22:56:19,58970.0,59035.0,-65.0,SL到達,58975.0,58970.0,-5.0,-5.0
③,short,2026-04-16 23:00:00,2026-04-16 23:06:31,59065.0,59125.0,-60.0,SL到達,59065.0,59055.0,-10.0,0.0
③,short,2026-04-16 23:05:00,2026-04-16 23:06:54,59070.0,59130.0,-60.0,SL到達,59075.0,59070.0,-5.0,-5.0
③,short,2026-04-16 23:09:59,2026-04-16 23:13:12,59140.0,59200.0,-60.0,SL到達,59145.0,59140.0,-5.0,-5.0
③,short,2026-04-16 23:25:00,2026-04-16 23:33:52,59050.0,59110.0,-60.0,SL到達,59050.0,59045.0,-5.0,0.0
③,short,2026-04-16 23:20:00,2026-04-16 23:34:02,59060.0,59120.0,-60.0,SL到達,59060.0,59055.0,-5.0,0.0
③,short,2026-04-16 23:40:00,2026-04-16 23:43:40,59075.0,59135.0,-60.0,SL到達,59080.0,59075.0,-5.0,-5.0
③,short,2026-04-16 23:30:00,2026-04-16 23:43:44,59080.0,59140.0,-60.0,SL到達,59080.0,59075.0,-5.0,0.0
③,short,2026-04-16 23:35:00,2026-04-16 23:46:04,59120.0,59180.0,-60.0,SL到達,59125.0,59120.0,-5.0,-5.0
③,short,2026-04-16 23:15:00,2026-04-16 23:50:00,59170.0,59180.0,-10.0,夜間終了強制決済,59170.0,59165.0,-5.0,0.0
③,short,2026-04-17 12:40:00,2026-04-17 12:43:37,58970.0,59030.0,-60.0,SL到達,58975.0,58970.0,-5.0,-5.0
③,short,2026-04-17 12:35:00,2026-04-17 12:45:44,59010.0,59075.0,-65.0,SL到達,59010.0,59005.0,-5.0,0.0
③,short,2026-04-17 12:45:00,2026-04-17 12:45:47,59025.0,59085.0,-60.0,SL到達,59030.0,59025.0,-5.0,-5.0
③,short,2026-04-17 12:50:00,2026-04-17 12:53:12,59010.0,59070.0,-60.0,SL到達,59020.0,59010.0,-10.0,-10.0
③,short,2026-04-17 14:05:00,2026-04-17 14:10:04,59015.0,59075.0,-60.0,SL到達,59020.0,59015.0,-5.0,-5.0
③,short,2026-04-17 14:10:00,2026-04-17 15:26:16,59060.0,58820.0,240.0,TP到達,59070.0,59060.0,-10.0,-10.0
③,short,2026-04-17 14:50:00,2026-04-17 15:29:12,59000.0,58755.0,245.0,TP到達,59000.0,58995.0,-5.0,0.0
③,short,2026-04-17 14:55:00,2026-04-17 15:29:12,59000.0,58755.0,245.0,TP到達,59005.0,59000.0,-5.0,-5.0
③,short,2026-04-17 14:40:00,2026-04-17 15:29:14,58985.0,58745.0,240.0,TP到達,58985.0,58980.0,-5.0,0.0
③,short,2026-04-17 15:00:00,2026-04-17 15:29:14,58985.0,58745.0,240.0,TP到達,58995.0,58990.0,-5.0,-10.0
③,short,2026-04-17 14:45:01,2026-04-17 15:29:59,58980.0,58740.0,240.0,TP到達,58985.0,58980.0,-5.0,-5.0
③,short,2026-04-17 14:35:00,2026-04-17 15:30:00,58975.0,58670.0,305.0,TP到達,58980.0,58970.0,-10.0,-5.0
③,short,2026-04-17 15:05:00,2026-04-17 15:30:00,58965.0,58670.0,295.0,TP到達,58970.0,58960.0,-10.0,-5.0
③,short,2026-04-17 15:10:00,2026-04-17 15:30:00,58945.0,58670.0,275.0,TP到達,58955.0,58945.0,-10.0,-10.0
③,short,2026-04-17 15:15:00,2026-04-17 15:30:00,58945.0,58670.0,275.0,TP到達,58945.0,58940.0,-5.0,0.0
③,short,2026-04-17 15:20:00,2026-04-17 15:30:02,58895.0,58640.0,255.0,TP到達,58895.0,58890.0,-5.0,0.0
③,short,2026-04-17 15:25:00,2026-04-17 15:30:02,58895.0,58640.0,255.0,TP到達,58900.0,58895.0,-5.0,-5.0
③,short,2026-04-17 15:30:00,2026-04-17 15:30:03,58640.0,58710.0,-70.0,SL到達,58675.0,58645.0,-30.0,-35.0
③,short,2026-04-17 15:35:00,2026-04-17 15:39:38,58645.0,58715.0,-70.0,SL到達,58650.0,58645.0,-5.0,-5.0
③,short,2026-04-17 20:15:00,2026-04-17 20:46:14,59035.0,59095.0,-60.0,SL到達,59040.0,59035.0,-5.0,-5.0
③,short,2026-04-17 20:00:00,2026-04-17 20:46:15,59040.0,59100.0,-60.0,SL到達,59040.0,59035.0,-5.0,0.0
③,short,2026-04-17 20:05:00,2026-04-17 21:04:56,59050.0,59110.0,-60.0,SL到達,59055.0,59050.0,-5.0,-5.0
③,short,2026-04-17 20:10:00,2026-04-17 21:04:56,59050.0,59110.0,-60.0,SL到達,59055.0,59050.0,-5.0,-5.0
③,short,2026-04-17 20:20:00,2026-04-17 21:05:05,59055.0,59115.0,-60.0,SL到達,59060.0,59050.0,-10.0,-5.0
③,short,2026-04-17 23:25:00,2026-04-17 23:33:29,59855.0,59915.0,-60.0,SL到達,59855.0,59850.0,-5.0,0.0
③,short,2026-04-17 23:30:00,2026-04-17 23:33:29,59855.0,59915.0,-60.0,SL到達,59860.0,59855.0,-5.0,-5.0
③,short,2026-04-20 12:20:00,2026-04-20 12:30:03,59110.0,59170.0,-60.0,SL到達,59110.0,59105.0,-5.0,0.0
③,short,2026-04-20 12:05:00,2026-04-20 12:30:07,59130.0,59195.0,-65.0,SL到達,59135.0,59130.0,-5.0,-5.0
③,short,2026-04-20 12:15:00,2026-04-20 12:30:07,59135.0,59195.0,-60.0,SL到達,59135.0,59130.0,-5.0,0.0
③,short,2026-04-20 12:25:01,2026-04-20 12:30:07,59135.0,59195.0,-60.0,SL到達,59135.0,59130.0,-5.0,0.0
③,short,2026-04-20 12:30:00,2026-04-20 12:30:11,59145.0,59205.0,-60.0,SL到達,59145.0,59140.0,-5.0,0.0
③,short,2026-04-20 12:10:00,2026-04-20 12:30:17,59150.0,59215.0,-65.0,SL到達,59150.0,59145.0,-5.0,0.0
①,long,2026-04-20 12:35:00,2026-04-20 12:42:08,59245.0,59185.0,-60.0,SL到達,59240.0,59235.0,-5.0,-10.0
①,long,2026-04-20 12:40:00,2026-04-20 12:46:35,59210.0,59150.0,-60.0,SL到達,59215.0,59210.0,-5.0,0.0
①,long,2026-04-20 12:45:00,2026-04-20 13:00:47,59200.0,59130.0,-70.0,SL到達,59200.0,59195.0,-5.0,-5.0
①,long,2026-04-20 12:50:00,2026-04-20 13:02:27,59160.0,59100.0,-60.0,SL到達,59165.0,59160.0,-5.0,0.0
③,short,2026-04-20 14:45:00,2026-04-20 14:54:22,58880.0,58940.0,-60.0,SL到達,58885.0,58875.0,-10.0,-5.0
③,short,2026-04-20 14:50:01,2026-04-20 15:04:01,58915.0,58975.0,-60.0,SL到達,58915.0,58910.0,-5.0,0.0
③,short,2026-04-20 15:25:01,2026-04-20 15:30:00,58850.0,58915.0,-65.0,SL到達,58855.0,58850.0,-5.0,-5.0
③,short,2026-04-20 15:15:00,2026-04-20 15:30:21,58900.0,58965.0,-65.0,SL到達,58910.0,58900.0,-10.0,-10.0
③,short,2026-04-20 15:20:00,2026-04-20 15:30:21,58890.0,58965.0,-75.0,SL到達,58890.0,58885.0,-5.0,0.0
③,short,2026-04-20 15:10:00,2026-04-20 15:30:39,58920.0,58980.0,-60.0,SL到達,58925.0,58915.0,-10.0,-5.0
③,short,2026-04-20 15:30:00,2026-04-20 15:30:39,58920.0,58980.0,-60.0,SL到達,58920.0,58915.0,-5.0,0.0
③,short,2026-04-20 14:05:00,2026-04-20 17:00:01,59040.0,58775.0,265.0,TP到達,59040.0,59035.0,-5.0,0.0
③,short,2026-04-20 14:10:00,2026-04-20 17:00:01,59040.0,58775.0,265.0,TP到達,59045.0,59040.0,-5.0,-5.0
③,short,2026-04-20 14:40:01,2026-04-20 17:07:36,58965.0,58725.0,240.0,TP到達,58965.0,58960.0,-5.0,0.0
③,short,2026-04-20 15:04:59,2026-04-20 17:07:51,58955.0,58715.0,240.0,TP到達,58955.0,58950.0,-5.0,0.0
③,short,2026-04-20 14:55:00,2026-04-20 17:57:14,58935.0,59000.0,-65.0,SL到達,58940.0,58930.0,-10.0,-5.0
③,short,2026-04-20 15:00:00,2026-04-20 17:57:14,58930.0,59000.0,-70.0,SL到達,58930.0,58925.0,-5.0,0.0
①,long,2026-04-20 18:05:00,2026-04-20 18:11:26,58980.0,58920.0,-60.0,SL到達,58980.0,58975.0,-5.0,-5.0
①,long,2026-04-20 18:00:00,2026-04-20 18:18:14,58965.0,58905.0,-60.0,SL到達,58965.0,58960.0,-5.0,-5.0
①,long,2026-04-20 18:10:00,2026-04-20 18:23:03,58960.0,58900.0,-60.0,SL到達,58965.0,58955.0,-10.0,-5.0
①,long,2026-04-20 18:15:00,2026-04-20 19:01:27,58935.0,58875.0,-60.0,SL到達,58940.0,58935.0,-5.0,0.0
③,short,2026-04-20 19:05:00,2026-04-20 19:10:29,58920.0,58980.0,-60.0,SL到達,58925.0,58920.0,-5.0,-5.0
①,long,2026-04-20 19:20:00,2026-04-20 19:25:06,58980.0,58920.0,-60.0,SL到達,58985.0,58980.0,-5.0,0.0
①,long,2026-04-20 19:25:00,2026-04-20 19:33:20,58925.0,58865.0,-60.0,SL到達,58930.0,58920.0,-10.0,-5.0
①,long,2026-04-20 18:55:00,2026-04-20 19:41:30,58910.0,58850.0,-60.0,SL到達,58915.0,58910.0,-5.0,0.0
③,short,2026-04-20 20:05:00,2026-04-20 20:16:17,58785.0,58845.0,-60.0,SL到達,58785.0,58780.0,-5.0,0.0
③,short,2026-04-20 20:10:00,2026-04-20 20:33:32,58820.0,58880.0,-60.0,SL到達,58825.0,58820.0,-5.0,-5.0
③,short,2026-04-20 19:50:00,2026-04-20 20:33:44,58830.0,58890.0,-60.0,SL到達,58830.0,58825.0,-5.0,0.0
③,short,2026-04-20 20:00:00,2026-04-20 20:33:44,58830.0,58890.0,-60.0,SL到達,58835.0,58830.0,-5.0,-5.0
③,short,2026-04-20 20:15:00,2026-04-20 20:33:44,58825.0,58890.0,-65.0,SL到達,58830.0,58825.0,-5.0,-5.0
③,short,2026-04-20 20:30:00,2026-04-20 20:33:44,58830.0,58890.0,-60.0,SL到達,58835.0,58830.0,-5.0,-5.0
③,short,2026-04-20 20:20:00,2026-04-20 20:44:28,58835.0,58895.0,-60.0,SL到達,58835.0,58830.0,-5.0,0.0
③,short,2026-04-20 19:45:00,2026-04-20 20:45:42,58840.0,58905.0,-65.0,SL到達,58850.0,58845.0,-5.0,-10.0
③,short,2026-04-20 19:55:00,2026-04-20 20:45:42,58840.0,58905.0,-65.0,SL到達,58845.0,58840.0,-5.0,-5.0
③,short,2026-04-20 20:25:00,2026-04-20 20:45:42,58840.0,58905.0,-65.0,SL到達,58845.0,58835.0,-10.0,-5.0
③,short,2026-04-20 20:35:00,2026-04-20 20:45:42,58845.0,58905.0,-60.0,SL到達,58845.0,58840.0,-5.0,0.0
③,short,2026-04-20 19:35:00,2026-04-20 20:46:07,58875.0,58935.0,-60.0,SL到達,58880.0,58875.0,-5.0,-5.0
③,short,2026-04-20 19:40:00,2026-04-20 20:46:07,58875.0,58935.0,-60.0,SL到達,58880.0,58875.0,-5.0,-5.0
①,long,2026-04-20 21:25:00,2026-04-20 21:37:47,58990.0,58930.0,-60.0,SL到達,58995.0,58990.0,-5.0,0.0
①,long,2026-04-20 21:20:00,2026-04-20 21:38:06,58975.0,58910.0,-65.0,SL到達,58980.0,58975.0,-5.0,0.0
①,long,2026-04-20 21:30:00,2026-04-20 21:38:06,58970.0,58910.0,-60.0,SL到達,58970.0,58965.0,-5.0,-5.0
①,long,2026-04-20 21:35:00,2026-04-20 21:38:06,58970.0,58910.0,-60.0,SL到達,58975.0,58965.0,-10.0,-5.0
①,long,2026-04-20 20:40:00,2026-04-20 22:08:53,58860.0,59105.0,245.0,TP到達,58860.0,58855.0,-5.0,-5.0
①,long,2026-04-20 20:45:01,2026-04-20 22:22:59,58890.0,59150.0,260.0,TP到達,58895.0,58885.0,-10.0,-5.0
①,long,2026-04-20 20:50:00,2026-04-20 22:23:36,58915.0,59155.0,240.0,TP到達,58920.0,58915.0,-5.0,0.0
①,long,2026-04-20 20:55:00,2026-04-20 22:27:28,58920.0,59165.0,245.0,TP到達,58920.0,58915.0,-5.0,-5.0
①,long,2026-04-20 21:40:00,2026-04-20 22:27:28,58925.0,59165.0,240.0,TP到達,58930.0,58925.0,-5.0,0.0
①,long,2026-04-20 21:00:00,2026-04-20 22:28:02,58935.0,59175.0,240.0,TP到達,58935.0,58930.0,-5.0,-5.0
①,long,2026-04-20 21:10:00,2026-04-20 22:28:02,58935.0,59175.0,240.0,TP到達,58940.0,58935.0,-5.0,0.0
①,long,2026-04-20 21:05:00,2026-04-20 22:28:10,58945.0,59185.0,240.0,TP到達,58950.0,58945.0,-5.0,0.0
①,long,2026-04-20 21:15:00,2026-04-20 22:30:00,58955.0,59195.0,240.0,TP到達,58955.0,58950.0,-5.0,-5.0
①,long,2026-04-20 23:00:01,2026-04-20 23:03:32,59195.0,59135.0,-60.0,SL到達,59200.0,59195.0,-5.0,0.0
①,long,2026-04-20 23:05:00,2026-04-20 23:50:00,59135.0,59145.0,10.0,夜間終了強制決済,59145.0,59135.0,-10.0,0.0
①,long,2026-04-21 18:00:00,2026-04-21 18:03:46,59390.0,59330.0,-60.0,SL到達,59395.0,59390.0,-5.0,0.0
①,long,2026-04-21 19:10:00,2026-04-21 19:20:21,59415.0,59355.0,-60.0,SL到達,59415.0,59410.0,-5.0,-5.0
①,long,2026-04-21 19:00:00,2026-04-21 19:25:53,59395.0,59335.0,-60.0,SL到達,59395.0,59390.0,-5.0,-5.0
①,long,2026-04-21 19:50:00,2026-04-21 20:09:31,59410.0,59345.0,-65.0,SL到達,59410.0,59400.0,-10.0,-10.0
①,long,2026-04-21 19:55:00,2026-04-21 20:09:31,59420.0,59345.0,-75.0,SL到達,59420.0,59415.0,-5.0,-5.0
①,long,2026-04-21 20:00:00,2026-04-21 20:09:31,59415.0,59345.0,-70.0,SL到達,59420.0,59415.0,-5.0,0.0
①,long,2026-04-21 20:05:00,2026-04-21 20:09:31,59420.0,59345.0,-75.0,SL到達,59420.0,59415.0,-5.0,-5.0
①,long,2026-04-21 19:05:00,2026-04-21 20:09:32,59390.0,59325.0,-65.0,SL到達,59395.0,59390.0,-5.0,0.0
①,long,2026-04-21 19:15:00,2026-04-21 20:09:32,59390.0,59325.0,-65.0,SL到達,59390.0,59385.0,-5.0,-5.0
①,long,2026-04-21 20:10:00,2026-04-21 20:14:25,59370.0,59310.0,-60.0,SL到達,59375.0,59370.0,-5.0,0.0
①,long,2026-04-21 19:20:00,2026-04-21 20:15:33,59360.0,59300.0,-60.0,SL到達,59365.0,59355.0,-10.0,-5.0
①,long,2026-04-21 18:45:00,2026-04-21 20:15:35,59355.0,59290.0,-65.0,SL到達,59350.0,59345.0,-5.0,-10.0
①,long,2026-04-22 08:50:00,2026-04-22 08:56:15,59135.0,59075.0,-60.0,SL到達,59135.0,59125.0,-10.0,-10.0
①,long,2026-04-22 08:55:00,2026-04-22 09:18:51,59130.0,59370.0,240.0,TP到達,59140.0,59130.0,-10.0,0.0
③,short,2026-04-22 12:24:59,2026-04-22 12:31:01,59670.0,59730.0,-60.0,SL到達,59670.0,59665.0,-5.0,0.0
③,short,2026-04-22 12:40:00,2026-04-22 12:47:39,59615.0,59675.0,-60.0,SL到達,59615.0,59610.0,-5.0,0.0
③,short,2026-04-22 13:00:00,2026-04-22 13:11:03,59605.0,59665.0,-60.0,SL到達,59610.0,59605.0,-5.0,-5.0
③,short,2026-04-22 12:30:00,2026-04-22 13:43:15,59705.0,59465.0,240.0,TP到達,59705.0,59700.0,-5.0,0.0
③,short,2026-04-22 12:35:00,2026-04-22 13:43:29,59695.0,59455.0,240.0,TP到達,59695.0,59690.0,-5.0,0.0
③,short,2026-04-22 12:50:00,2026-04-22 13:51:41,59660.0,59420.0,240.0,TP到達,59665.0,59660.0,-5.0,-5.0
③,short,2026-04-22 12:45:00,2026-04-22 13:53:44,59635.0,59395.0,240.0,TP到達,59635.0,59630.0,-5.0,0.0
③,short,2026-04-22 12:55:00,2026-04-22 13:55:12,59615.0,59375.0,240.0,TP到達,59620.0,59615.0,-5.0,-5.0
③,short,2026-04-22 14:05:00,2026-04-22 14:09:13,59345.0,59405.0,-60.0,SL到達,59345.0,59340.0,-5.0,0.0
③,short,2026-04-22 14:10:00,2026-04-22 14:16:09,59405.0,59500.0,-95.0,SL到達,59410.0,59405.0,-5.0,-5.0
③,short,2026-04-22 14:15:00,2026-04-22 14:16:22,59445.0,59585.0,-140.0,SL到達,59445.0,59440.0,-5.0,0.0
③,short,2026-04-22 14:19:59,2026-04-22 14:21:42,59540.0,59600.0,-60.0,SL到達,59540.0,59535.0,-5.0,0.0
①,long,2026-04-22 15:35:00,2026-04-22 17:01:11,59745.0,59685.0,-60.0,SL到達,59750.0,59745.0,-5.0,0.0
①,long,2026-04-22 15:15:00,2026-04-22 17:23:37,59660.0,59600.0,-60.0,SL到達,59665.0,59660.0,-5.0,0.0
①,long,2026-04-22 15:20:00,2026-04-22 17:23:37,59665.0,59600.0,-65.0,SL到達,59665.0,59660.0,-5.0,-5.0
①,long,2026-04-22 15:30:00,2026-04-22 17:23:42,59655.0,59595.0,-60.0,SL到達,59660.0,59650.0,-10.0,-5.0
①,long,2026-04-22 15:25:00,2026-04-22 17:29:49,59640.0,59575.0,-65.0,SL到達,59645.0,59640.0,-5.0,0.0
①,long,2026-04-22 14:59:59,2026-04-22 17:30:17,59620.0,59560.0,-60.0,SL到達,59615.0,59610.0,-5.0,-10.0
①,long,2026-04-22 15:05:00,2026-04-22 17:33:01,59615.0,59555.0,-60.0,SL到達,59620.0,59610.0,-10.0,-5.0
①,long,2026-04-22 15:10:00,2026-04-22 17:33:01,59615.0,59555.0,-60.0,SL到達,59620.0,59615.0,-5.0,0.0
①,long,2026-04-22 18:30:00,2026-04-22 18:50:36,59735.0,59675.0,-60.0,SL到達,59735.0,59730.0,-5.0,-5.0
①,long,2026-04-22 18:45:00,2026-04-22 18:50:36,59735.0,59675.0,-60.0,SL到達,59735.0,59730.0,-5.0,-5.0
①,long,2026-04-22 18:25:00,2026-04-22 18:52:59,59720.0,59660.0,-60.0,SL到達,59720.0,59715.0,-5.0,-5.0
①,long,2026-04-22 18:39:59,2026-04-22 18:53:03,59710.0,59645.0,-65.0,SL到達,59715.0,59710.0,-5.0,0.0
①,long,2026-04-22 18:35:00,2026-04-22 18:53:04,59700.0,59640.0,-60.0,SL到達,59705.0,59700.0,-5.0,0.0
①,long,2026-04-22 18:50:00,2026-04-22 18:53:04,59700.0,59640.0,-60.0,SL到達,59700.0,59695.0,-5.0,-5.0
①,long,2026-04-22 18:15:00,2026-04-22 18:53:47,59690.0,59630.0,-60.0,SL到達,59695.0,59690.0,-5.0,0.0
①,long,2026-04-22 18:20:00,2026-04-22 18:53:47,59690.0,59630.0,-60.0,SL到達,59690.0,59685.0,-5.0,-5.0
③,short,2026-04-22 19:20:00,2026-04-22 19:27:12,59545.0,59605.0,-60.0,SL到達,59550.0,59545.0,-5.0,-5.0
③,short,2026-04-22 19:25:00,2026-04-22 19:29:40,59560.0,59620.0,-60.0,SL到達,59560.0,59555.0,-5.0,0.0
③,short,2026-04-22 20:25:00,2026-04-22 20:30:12,59485.0,59545.0,-60.0,SL到達,59490.0,59485.0,-5.0,-5.0
③,short,2026-04-22 20:15:00,2026-04-22 20:49:05,59505.0,59565.0,-60.0,SL到達,59510.0,59505.0,-5.0,-5.0
③,short,2026-04-22 20:45:00,2026-04-22 20:49:05,59490.0,59565.0,-75.0,SL到達,59495.0,59485.0,-10.0,-5.0
③,short,2026-04-22 20:30:00,2026-04-22 21:00:15,59515.0,59575.0,-60.0,SL到達,59515.0,59510.0,-5.0,0.0
③,short,2026-04-22 20:35:01,2026-04-22 21:00:15,59515.0,59575.0,-60.0,SL到達,59515.0,59510.0,-5.0,0.0
③,short,2026-04-22 20:10:00,2026-04-22 21:03:06,59525.0,59590.0,-65.0,SL到達,59530.0,59525.0,-5.0,-5.0
③,short,2026-04-22 20:40:00,2026-04-22 21:03:06,59525.0,59590.0,-65.0,SL到達,59525.0,59520.0,-5.0,0.0
③,short,2026-04-22 20:19:59,2026-04-22 21:03:39,59535.0,59600.0,-65.0,SL到達,59535.0,59530.0,-5.0,0.0
③,short,2026-04-22 20:50:00,2026-04-22 21:03:39,59540.0,59600.0,-60.0,SL到達,59545.0,59540.0,-5.0,-5.0
③,short,2026-04-22 19:50:00,2026-04-22 21:04:02,59545.0,59605.0,-60.0,SL到達,59545.0,59540.0,-5.0,0.0
③,short,2026-04-22 19:55:00,2026-04-22 21:04:29,59565.0,59625.0,-60.0,SL到達,59570.0,59565.0,-5.0,-5.0
③,short,2026-04-22 20:00:00,2026-04-22 21:04:29,59565.0,59625.0,-60.0,SL到達,59565.0,59560.0,-5.0,0.0
③,short,2026-04-22 20:04:59,2026-04-22 21:04:29,59565.0,59625.0,-60.0,SL到達,59570.0,59565.0,-5.0,-5.0
③,short,2026-04-22 19:45:00,2026-04-22 21:06:39,59570.0,59630.0,-60.0,SL到達,59575.0,59570.0,-5.0,-5.0
③,short,2026-04-22 19:40:00,2026-04-22 21:13:21,59585.0,59650.0,-65.0,SL到達,59590.0,59585.0,-5.0,-5.0
③,short,2026-04-22 19:30:00,2026-04-22 21:29:00,59615.0,59675.0,-60.0,SL到達,59615.0,59610.0,-5.0,0.0
①,long,2026-04-22 21:15:00,2026-04-22 21:29:40,59650.0,59590.0,-60.0,SL到達,59655.0,59650.0,-5.0,0.0
①,long,2026-04-22 21:20:00,2026-04-22 21:29:40,59650.0,59590.0,-60.0,SL到達,59650.0,59645.0,-5.0,-5.0
①,long,2026-04-22 21:25:00,2026-04-22 21:29:40,59650.0,59590.0,-60.0,SL到達,59650.0,59645.0,-5.0,-5.0
①,long,2026-04-22 21:05:00,2026-04-22 21:30:42,59610.0,59550.0,-60.0,SL到達,59615.0,59610.0,-5.0,0.0
①,long,2026-04-22 21:10:00,2026-04-22 21:35:12,59605.0,59545.0,-60.0,SL到達,59610.0,59605.0,-5.0,0.0
①,long,2026-04-22 21:30:00,2026-04-22 21:41:39,59580.0,59520.0,-60.0,SL到達,59585.0,59580.0,-5.0,0.0
①,long,2026-04-22 21:00:00,2026-04-22 21:49:10,59555.0,59495.0,-60.0,SL到達,59555.0,59550.0,-5.0,-5.0
③,short,2026-04-22 22:05:00,2026-04-22 22:09:32,59515.0,59590.0,-75.0,SL到達,59515.0,59510.0,-5.0,0.0
③,short,2026-04-22 22:15:00,2026-04-22 22:19:30,59500.0,59575.0,-75.0,SL到達,59510.0,59505.0,-5.0,-10.0
③,short,2026-04-22 22:10:00,2026-04-22 22:19:32,59535.0,59615.0,-80.0,SL到達,59530.0,59525.0,-5.0,5.0
③,short,2026-04-22 22:35:00,2026-04-22 22:46:32,59500.0,59560.0,-60.0,SL到達,59500.0,59495.0,-5.0,0.0
③,short,2026-04-22 22:40:00,2026-04-22 22:46:43,59505.0,59565.0,-60.0,SL到達,59515.0,59510.0,-5.0,-10.0
③,short,2026-04-22 22:45:00,2026-04-22 22:46:43,59505.0,59565.0,-60.0,SL到達,59510.0,59505.0,-5.0,-5.0
③,short,2026-04-22 22:55:00,2026-04-22 23:15:48,59500.0,59560.0,-60.0,SL到達,59505.0,59500.0,-5.0,-5.0
③,short,2026-04-22 23:00:00,2026-04-22 23:15:48,59495.0,59560.0,-65.0,SL到達,59495.0,59490.0,-5.0,0.0
③,short,2026-04-22 23:10:00,2026-04-22 23:15:48,59495.0,59560.0,-65.0,SL到達,59495.0,59490.0,-5.0,0.0
③,short,2026-04-22 22:50:00,2026-04-22 23:17:44,59505.0,59565.0,-60.0,SL到達,59510.0,59500.0,-10.0,-5.0
③,short,2026-04-22 23:05:00,2026-04-22 23:17:44,59505.0,59565.0,-60.0,SL到達,59505.0,59500.0,-5.0,0.0
③,short,2026-04-22 23:15:00,2026-04-22 23:20:16,59515.0,59575.0,-60.0,SL到達,59520.0,59515.0,-5.0,-5.0
③,short,2026-04-22 22:20:00,2026-04-22 23:39:55,59590.0,59650.0,-60.0,SL到達,59590.0,59585.0,-5.0,0.0
③,short,2026-04-22 19:35:00,2026-04-22 23:50:00,59650.0,59565.0,85.0,夜間終了強制決済,59650.0,59645.0,-5.0,0.0
③,short,2026-04-23 19:20:00,2026-04-23 19:27:33,58940.0,59000.0,-60.0,SL到達,58945.0,58935.0,-10.0,-5.0
③,short,2026-04-23 22:25:00,2026-04-23 22:31:17,59245.0,59315.0,-70.0,SL到達,59250.0,59245.0,-5.0,-5.0
③,short,2026-04-23 22:30:00,2026-04-23 22:31:17,59255.0,59315.0,-60.0,SL到達,59255.0,59245.0,-10.0,0.0
③,short,2026-04-23 22:35:00,2026-04-23 22:36:33,59265.0,59325.0,-60.0,SL到達,59270.0,59265.0,-5.0,-5.0
③,short,2026-04-24 12:20:00,2026-04-24 12:29:03,59385.0,59445.0,-60.0,SL到達,59390.0,59385.0,-5.0,-5.0
③,short,2026-04-24 12:10:00,2026-04-24 12:30:33,59400.0,59465.0,-65.0,SL到達,59410.0,59400.0,-10.0,-10.0
③,short,2026-04-24 12:15:00,2026-04-24 12:30:33,59395.0,59465.0,-70.0,SL到達,59395.0,59385.0,-10.0,0.0
③,short,2026-04-24 12:25:00,2026-04-24 12:30:33,59395.0,59465.0,-70.0,SL到達,59400.0,59395.0,-5.0,-5.0
③,short,2026-04-24 12:05:00,2026-04-24 12:33:23,59415.0,59475.0,-60.0,SL到達,59415.0,59410.0,-5.0,0.0
③,short,2026-04-24 12:30:00,2026-04-24 12:38:24,59430.0,59495.0,-65.0,SL到達,59430.0,59425.0,-5.0,0.0
③,short,2026-04-24 12:35:00,2026-04-24 12:38:24,59430.0,59495.0,-65.0,SL到達,59435.0,59430.0,-5.0,-5.0
③,short,2026-04-24 12:45:00,2026-04-24 12:46:43,59385.0,59450.0,-65.0,SL到達,59385.0,59380.0,-5.0,0.0
③,short,2026-04-24 22:10:00,2026-04-24 22:19:58,59795.0,59855.0,-60.0,SL到達,59800.0,59795.0,-5.0,-5.0
③,short,2026-04-24 22:15:00,2026-04-24 22:20:06,59805.0,59865.0,-60.0,SL到達,59810.0,59805.0,-5.0,-5.0
③,short,2026-04-24 22:35:00,2026-04-24 22:37:36,59765.0,59825.0,-60.0,SL到達,59765.0,59760.0,-5.0,0.0
③,short,2026-04-24 22:30:00,2026-04-24 22:39:12,59800.0,59860.0,-60.0,SL到達,59800.0,59795.0,-5.0,0.0
③,short,2026-04-24 22:24:59,2026-04-24 22:39:14,59805.0,59865.0,-60.0,SL到達,59805.0,59800.0,-5.0,0.0
③,short,2026-04-24 22:05:00,2026-04-24 22:39:46,59815.0,59875.0,-60.0,SL到達,59820.0,59815.0,-5.0,-5.0
③,short,2026-04-24 22:55:00,2026-04-24 23:01:24,59710.0,59770.0,-60.0,SL到達,59715.0,59710.0,-5.0,-5.0
③,short,2026-04-24 23:00:00,2026-04-24 23:01:24,59705.0,59770.0,-65.0,SL到達,59705.0,59700.0,-5.0,0.0
③,short,2026-04-24 23:05:00,2026-04-24 23:05:43,59715.0,59775.0,-60.0,SL到達,59720.0,59715.0,-5.0,-5.0
③,short,2026-04-24 23:10:00,2026-04-24 23:12:08,59770.0,59830.0,-60.0,SL到達,59765.0,59760.0,-5.0,5.0
③,short,2026-04-24 22:40:00,2026-04-24 23:26:39,59885.0,59645.0,240.0,TP到達,59890.0,59885.0,-5.0,-5.0
③,short,2026-04-24 23:30:00,2026-04-24 23:39:37,59710.0,59770.0,-60.0,SL到達,59715.0,59710.0,-5.0,-5.0
③,short,2026-04-24 23:35:00,2026-04-24 23:39:41,59715.0,59775.0,-60.0,SL到達,59715.0,59710.0,-5.0,0.0
③,short,2026-04-24 23:25:00,2026-04-24 23:45:10,59730.0,59790.0,-60.0,SL到達,59730.0,59725.0,-5.0,0.0
③,short,2026-04-24 23:40:00,2026-04-24 23:45:50,59740.0,59800.0,-60.0,SL到達,59745.0,59740.0,-5.0,-5.0
③,short,2026-04-24 22:20:00,2026-04-24 23:50:00,59855.0,59770.0,85.0,夜間終了強制決済,59855.0,59845.0,-10.0,0.0
③,short,2026-04-24 22:45:00,2026-04-24 23:50:00,59855.0,59770.0,85.0,夜間終了強制決済,59860.0,59855.0,-5.0,-5.0
③,short,2026-04-24 22:50:00,2026-04-24 23:50:00,59840.0,59770.0,70.0,夜間終了強制決済,59840.0,59835.0,-5.0,0.0
③,short,2026-04-24 23:15:00,2026-04-24 23:50:00,59770.0,59770.0,0.0,夜間終了強制決済,59770.0,59765.0,-5.0,0.0
③,short,2026-04-24 23:20:00,2026-04-24 23:50:00,59765.0,59770.0,-5.0,夜間終了強制決済,59765.0,59760.0,-5.0,0.0
③,short,2026-04-24 23:45:00,2026-04-24 23:50:00,59770.0,59770.0,0.0,夜間終了強制決済,59775.0,59765.0,-10.0,-5.0
③,short,2026-04-27 14:40:00,2026-04-27 14:43:04,60630.0,60690.0,-60.0,SL到達,60635.0,60630.0,-5.0,-5.0
③,short,2026-04-27 14:25:00,2026-04-27 14:59:04,60785.0,60545.0,240.0,TP到達,60790.0,60785.0,-5.0,-5.0
③,short,2026-04-27 14:20:00,2026-04-27 14:59:44,60775.0,60530.0,245.0,TP到達,60775.0,60770.0,-5.0,0.0
③,short,2026-04-27 14:30:00,2026-04-27 15:00:31,60740.0,60495.0,245.0,TP到達,60740.0,60735.0,-5.0,0.0
③,short,2026-04-27 15:05:01,2026-04-27 15:18:47,60510.0,60570.0,-60.0,SL到達,60515.0,60510.0,-5.0,-5.0
③,short,2026-04-27 15:10:00,2026-04-27 15:18:57,60515.0,60580.0,-65.0,SL到達,60520.0,60515.0,-5.0,-5.0
③,short,2026-04-27 15:00:00,2026-04-27 15:21:40,60525.0,60585.0,-60.0,SL到達,60525.0,60520.0,-5.0,0.0
③,short,2026-04-27 15:15:00,2026-04-27 15:22:25,60550.0,60610.0,-60.0,SL到達,60555.0,60550.0,-5.0,-5.0
③,short,2026-04-27 15:20:00,2026-04-27 15:22:33,60555.0,60615.0,-60.0,SL到達,60555.0,60550.0,-5.0,0.0
③,short,2026-04-27 14:55:00,2026-04-27 15:29:44,60580.0,60650.0,-70.0,SL到達,60585.0,60580.0,-5.0,-5.0
③,short,2026-04-27 14:35:00,2026-04-27 15:30:22,60705.0,60440.0,265.0,TP到達,60710.0,60705.0,-5.0,-5.0
③,short,2026-04-27 14:45:00,2026-04-27 15:30:23,60660.0,60420.0,240.0,TP到達,60665.0,60655.0,-10.0,-5.0
③,short,2026-04-27 15:30:00,2026-04-27 15:30:26,60655.0,60400.0,255.0,TP到達,60665.0,60660.0,-5.0,-10.0
③,short,2026-04-27 14:50:00,2026-04-27 15:30:27,60635.0,60375.0,260.0,TP到達,60640.0,60630.0,-10.0,-5.0
③,short,2026-04-27 15:25:00,2026-04-27 15:30:27,60620.0,60375.0,245.0,TP到達,60625.0,60615.0,-10.0,-5.0
③,short,2026-04-27 15:35:00,2026-04-27 17:00:01,60220.0,60300.0,-80.0,SL到達,60225.0,60220.0,-5.0,-5.0
①,long,2026-04-27 18:05:00,2026-04-27 18:24:32,60400.0,60340.0,-60.0,SL到達,60405.0,60400.0,-5.0,0.0
①,long,2026-04-27 18:45:00,2026-04-27 18:58:48,60425.0,60365.0,-60.0,SL到達,60425.0,60420.0,-5.0,-5.0
①,long,2026-04-27 18:50:00,2026-04-27 18:59:06,60415.0,60355.0,-60.0,SL到達,60415.0,60410.0,-5.0,-5.0
①,long,2026-04-27 18:10:00,2026-04-27 20:19:09,60355.0,60595.0,240.0,TP到達,60360.0,60350.0,-10.0,-5.0
①,long,2026-04-27 19:00:00,2026-04-27 20:19:36,60370.0,60610.0,240.0,TP到達,60370.0,60365.0,-5.0,-5.0
①,long,2026-04-27 18:00:00,2026-04-27 20:19:39,60375.0,60620.0,245.0,TP到達,60380.0,60375.0,-5.0,0.0
①,long,2026-04-27 19:30:00,2026-04-27 20:23:26,60390.0,60630.0,240.0,TP到達,60395.0,60390.0,-5.0,0.0
①,long,2026-04-27 18:55:00,2026-04-27 20:24:21,60395.0,60635.0,240.0,TP到達,60400.0,60395.0,-5.0,0.0
①,long,2026-04-27 18:40:00,2026-04-27 20:32:41,60405.0,60645.0,240.0,TP到達,60410.0,60400.0,-10.0,-5.0
①,long,2026-04-27 20:25:00,2026-04-27 20:53:06,60630.0,60570.0,-60.0,SL到達,60630.0,60625.0,-5.0,-5.0
①,long,2026-04-27 20:30:00,2026-04-27 20:53:06,60630.0,60570.0,-60.0,SL到達,60630.0,60625.0,-5.0,-5.0
①,long,2026-04-27 20:35:00,2026-04-27 20:55:01,60620.0,60560.0,-60.0,SL到達,60625.0,60620.0,-5.0,0.0
①,long,2026-04-27 20:20:00,2026-04-27 20:56:04,60615.0,60555.0,-60.0,SL到達,60620.0,60615.0,-5.0,0.0
①,long,2026-04-27 20:40:00,2026-04-27 20:56:05,60610.0,60550.0,-60.0,SL到達,60615.0,60605.0,-10.0,-5.0
①,long,2026-04-27 20:45:00,2026-04-27 21:20:41,60595.0,60535.0,-60.0,SL到達,60600.0,60595.0,-5.0,0.0
①,long,2026-04-27 20:50:00,2026-04-27 21:20:41,60595.0,60535.0,-60.0,SL到達,60595.0,60590.0,-5.0,-5.0
①,long,2026-04-27 19:55:00,2026-04-27 21:25:57,60545.0,60485.0,-60.0,SL到達,60545.0,60540.0,-5.0,-5.0
①,long,2026-04-27 20:00:00,2026-04-27 21:25:57,60545.0,60485.0,-60.0,SL到達,60545.0,60540.0,-5.0,-5.0
①,long,2026-04-27 20:15:00,2026-04-27 21:26:01,60540.0,60480.0,-60.0,SL到達,60540.0,60535.0,-5.0,-5.0
①,long,2026-04-27 19:50:00,2026-04-27 21:26:03,60535.0,60475.0,-60.0,SL到達,60530.0,60525.0,-5.0,-10.0
①,long,2026-04-27 20:10:00,2026-04-27 21:26:03,60535.0,60475.0,-60.0,SL到達,60540.0,60530.0,-10.0,-5.0
①,long,2026-04-27 20:05:00,2026-04-27 21:26:04,60525.0,60465.0,-60.0,SL到達,60530.0,60525.0,-5.0,0.0
①,long,2026-04-27 19:45:00,2026-04-27 21:26:06,60520.0,60460.0,-60.0,SL到達,60525.0,60520.0,-5.0,0.0
①,long,2026-04-27 19:40:00,2026-04-27 21:27:43,60475.0,60415.0,-60.0,SL到達,60480.0,60470.0,-10.0,-5.0
①,long,2026-04-27 19:35:00,2026-04-27 21:59:11,60425.0,60365.0,-60.0,SL到達,60425.0,60420.0,-5.0,-5.0
③,short,2026-04-27 22:05:00,2026-04-27 22:30:01,60370.0,60430.0,-60.0,SL到達,60370.0,60365.0,-5.0,0.0
③,short,2026-04-27 22:15:00,2026-04-27 22:30:01,60355.0,60430.0,-75.0,SL到達,60360.0,60355.0,-5.0,-5.0
③,short,2026-04-27 22:20:00,2026-04-27 22:30:01,60370.0,60430.0,-60.0,SL到達,60375.0,60365.0,-10.0,-5.0
③,short,2026-04-27 22:10:00,2026-04-27 22:31:30,60380.0,60440.0,-60.0,SL到達,60385.0,60380.0,-5.0,-5.0
③,short,2026-04-27 22:25:00,2026-04-27 22:31:41,60385.0,60450.0,-65.0,SL到達,60390.0,60380.0,-10.0,-5.0
③,short,2026-04-27 22:30:00,2026-04-27 22:32:37,60410.0,60470.0,-60.0,SL到達,60410.0,60405.0,-5.0,0.0
③,short,2026-04-27 22:35:00,2026-04-27 22:40:23,60475.0,60535.0,-60.0,SL到達,60475.0,60470.0,-5.0,0.0
③,short,2026-04-27 22:50:00,2026-04-27 22:54:46,60235.0,60295.0,-60.0,SL到達,60235.0,60225.0,-10.0,0.0
③,short,2026-04-27 22:55:00,2026-04-27 22:57:46,60310.0,60370.0,-60.0,SL到達,60310.0,60305.0,-5.0,0.0
③,short,2026-04-27 23:30:00,2026-04-27 23:36:01,60215.0,60275.0,-60.0,SL到達,60220.0,60215.0,-5.0,-5.0
③,short,2026-04-27 23:35:00,2026-04-27 23:36:01,60200.0,60275.0,-75.0,SL到達,60205.0,60195.0,-10.0,-5.0
③,short,2026-04-27 23:00:00,2026-04-27 23:50:00,60350.0,60170.0,180.0,夜間終了強制決済,60355.0,60345.0,-10.0,-5.0
③,short,2026-04-27 23:05:00,2026-04-27 23:50:00,60305.0,60170.0,135.0,夜間終了強制決済,60310.0,60305.0,-5.0,-5.0
③,short,2026-04-27 23:10:00,2026-04-27 23:50:00,60250.0,60170.0,80.0,夜間終了強制決済,60260.0,60255.0,-5.0,-10.0
③,short,2026-04-27 23:15:00,2026-04-27 23:50:00,60280.0,60170.0,110.0,夜間終了強制決済,60285.0,60280.0,-5.0,-5.0
③,short,2026-04-27 23:20:00,2026-04-27 23:50:00,60250.0,60170.0,80.0,夜間終了強制決済,60250.0,60240.0,-10.0,0.0
③,short,2026-04-27 23:25:00,2026-04-27 23:50:00,60260.0,60170.0,90.0,夜間終了強制決済,60265.0,60260.0,-5.0,-5.0
③,short,2026-04-27 23:40:00,2026-04-27 23:50:00,60225.0,60170.0,55.0,夜間終了強制決済,60230.0,60225.0,-5.0,-5.0
③,short,2026-04-27 23:45:00,2026-04-27 23:50:00,60230.0,60170.0,60.0,夜間終了強制決済,60235.0,60225.0,-10.0,-5.0
①,long,2026-04-28 08:55:00,2026-04-28 08:56:35,60395.0,60320.0,-75.0,SL到達,60395.0,60385.0,-10.0,-10.0
①,long,2026-04-28 08:50:00,2026-04-28 09:15:55,60330.0,60270.0,-60.0,SL到達,60330.0,60320.0,-10.0,-10.0
①,long,2026-04-28 15:10:00,2026-04-28 15:14:09,59915.0,59855.0,-60.0,SL到達,59925.0,59920.0,-5.0,5.0
①,long,2026-04-28 15:35:00,2026-04-28 15:37:34,59960.0,59900.0,-60.0,SL到達,59965.0,59960.0,-5.0,0.0
①,long,2026-04-28 15:15:00,2026-04-28 17:30:00,59890.0,60130.0,240.0,TP到達,59890.0,59885.0,-5.0,-5.0
①,long,2026-04-28 18:00:00,2026-04-28 18:06:41,60100.0,60040.0,-60.0,SL到達,60105.0,60095.0,-10.0,-5.0
①,long,2026-04-28 18:05:00,2026-04-28 18:17:06,60060.0,60000.0,-60.0,SL到達,60060.0,60055.0,-5.0,-5.0
③,short,2026-04-29 05:15:00,2026-04-29 10:21:53,59160.0,59285.0,-125.0,SL到達,59155.0,59150.0,-5.0,5.0
③,short,2026-04-29 05:25:00,2026-04-29 10:21:53,59130.0,59285.0,-155.0,SL到達,59130.0,59125.0,-5.0,0.0
③,short,2026-04-29 05:30:00,2026-04-29 10:21:53,59125.0,59285.0,-160.0,SL到達,59125.0,59120.0,-5.0,0.0
③,short,2026-04-29 05:35:00,2026-04-29 10:21:53,59100.0,59285.0,-185.0,SL到達,59105.0,59100.0,-5.0,-5.0
③,short,2026-04-29 05:40:00,2026-04-29 10:21:53,59090.0,59285.0,-195.0,SL到達,59090.0,59085.0,-5.0,0.0
③,short,2026-04-29 05:45:00,2026-04-29 10:21:53,59095.0,59285.0,-190.0,SL到達,59095.0,59090.0,-5.0,0.0
③,short,2026-04-29 05:50:00,2026-04-29 10:21:53,59060.0,59285.0,-225.0,SL到達,59065.0,59060.0,-5.0,-5.0
③,short,2026-04-29 14:25:00,2026-04-29 14:30:37,59430.0,59490.0,-60.0,SL到達,59430.0,59425.0,-5.0,0.0
③,short,2026-04-29 14:30:00,2026-04-29 15:01:18,59465.0,59525.0,-60.0,SL到達,59465.0,59460.0,-5.0,0.0
③,short,2026-04-29 14:35:00,2026-04-29 15:01:18,59465.0,59525.0,-60.0,SL到達,59460.0,59455.0,-5.0,5.0
③,short,2026-04-29 15:00:00,2026-04-29 15:01:33,59470.0,59530.0,-60.0,SL到達,59470.0,59465.0,-5.0,0.0
③,short,2026-04-29 14:40:00,2026-04-29 17:00:02,59480.0,59170.0,310.0,TP到達,59480.0,59475.0,-5.0,0.0
③,short,2026-04-29 14:45:00,2026-04-29 17:00:02,59495.0,59170.0,325.0,TP到達,59500.0,59490.0,-10.0,-5.0
③,short,2026-04-29 14:50:01,2026-04-29 17:00:02,59490.0,59170.0,320.0,TP到達,59495.0,59490.0,-5.0,-5.0
③,short,2026-04-29 14:55:00,2026-04-29 17:00:02,59500.0,59170.0,330.0,TP到達,59500.0,59495.0,-5.0,0.0
③,short,2026-04-29 15:05:00,2026-04-29 17:00:02,59500.0,59170.0,330.0,TP到達,59505.0,59495.0,-10.0,-5.0
③,short,2026-04-29 15:10:00,2026-04-29 17:00:02,59485.0,59170.0,315.0,TP到達,59495.0,59485.0,-10.0,-10.0
③,short,2026-04-29 15:15:00,2026-04-29 17:00:02,59470.0,59170.0,300.0,TP到達,59470.0,59465.0,-5.0,0.0
③,short,2026-04-29 15:25:00,2026-04-29 17:00:02,59425.0,59170.0,255.0,TP到達,59430.0,59425.0,-5.0,-5.0
③,short,2026-04-29 15:30:00,2026-04-29 17:00:03,59395.0,59145.0,250.0,TP到達,59395.0,59390.0,-5.0,0.0
③,short,2026-04-29 15:35:00,2026-04-29 17:06:14,59355.0,59115.0,240.0,TP到達,59360.0,59350.0,-10.0,-5.0
①,long,2026-04-29 18:20:00,2026-04-29 18:40:14,59255.0,59195.0,-60.0,SL到達,59255.0,59250.0,-5.0,-5.0
①,long,2026-04-29 18:25:00,2026-04-29 18:40:18,59250.0,59190.0,-60.0,SL到達,59250.0,59245.0,-5.0,-5.0
①,long,2026-04-29 18:35:00,2026-04-29 18:40:18,59250.0,59190.0,-60.0,SL到達,59255.0,59250.0,-5.0,0.0
①,long,2026-04-29 18:30:00,2026-04-29 18:40:27,59235.0,59175.0,-60.0,SL到達,59235.0,59230.0,-5.0,-5.0
①,long,2026-04-29 18:40:00,2026-04-29 18:45:05,59220.0,59160.0,-60.0,SL到達,59220.0,59215.0,-5.0,-5.0
①,long,2026-04-29 18:15:00,2026-04-29 18:56:16,59200.0,59140.0,-60.0,SL到達,59205.0,59200.0,-5.0,0.0
①,long,2026-04-29 18:45:00,2026-04-29 18:56:25,59180.0,59120.0,-60.0,SL到達,59185.0,59175.0,-10.0,-5.0
①,long,2026-04-29 19:20:00,2026-04-29 19:43:22,59365.0,59305.0,-60.0,SL到達,59370.0,59360.0,-10.0,-5.0
①,long,2026-04-29 19:25:00,2026-04-29 19:52:04,59360.0,59300.0,-60.0,SL到達,59360.0,59355.0,-5.0,-5.0
①,long,2026-04-29 19:35:00,2026-04-29 20:07:02,59345.0,59285.0,-60.0,SL到達,59350.0,59345.0,-5.0,0.0
①,long,2026-04-29 20:40:00,2026-04-29 20:43:41,59345.0,59285.0,-60.0,SL到達,59345.0,59335.0,-10.0,-10.0
①,long,2026-04-29 19:30:00,2026-04-29 20:47:53,59340.0,59280.0,-60.0,SL到達,59350.0,59340.0,-10.0,0.0
①,long,2026-04-29 19:40:00,2026-04-29 20:47:53,59340.0,59280.0,-60.0,SL到達,59345.0,59340.0,-5.0,0.0
①,long,2026-04-29 20:35:00,2026-04-29 20:48:07,59335.0,59275.0,-60.0,SL到達,59340.0,59335.0,-5.0,0.0
①,long,2026-04-29 19:45:00,2026-04-29 20:48:41,59325.0,59265.0,-60.0,SL到達,59330.0,59325.0,-5.0,0.0
③,short,2026-04-29 20:50:00,2026-04-29 21:06:32,59285.0,59350.0,-65.0,SL到達,59285.0,59280.0,-5.0,0.0
①,long,2026-04-29 19:50:00,2026-04-29 21:30:16,59320.0,59250.0,-70.0,SL到達,59325.0,59320.0,-5.0,0.0
①,long,2026-04-29 19:55:00,2026-04-29 21:30:16,59320.0,59250.0,-70.0,SL到達,59325.0,59320.0,-5.0,0.0
③,short,2026-04-29 20:55:00,2026-04-29 22:30:54,59315.0,59065.0,250.0,TP到達,59315.0,59310.0,-5.0,0.0
③,short,2026-04-29 21:00:00,2026-04-29 22:30:54,59310.0,59065.0,245.0,TP到達,59310.0,59305.0,-5.0,0.0
③,short,2026-04-29 22:35:00,2026-04-29 22:37:11,59050.0,59110.0,-60.0,SL到達,59050.0,59045.0,-5.0,0.0
③,short,2026-04-29 22:10:00,2026-04-29 22:45:48,59245.0,59005.0,240.0,TP到達,59245.0,59240.0,-5.0,0.0
③,short,2026-04-29 22:15:00,2026-04-29 22:45:48,59245.0,59005.0,240.0,TP到達,59245.0,59240.0,-5.0,0.0
③,short,2026-04-29 22:05:01,2026-04-29 22:46:03,59225.0,58985.0,240.0,TP到達,59225.0,59215.0,-10.0,0.0
③,short,2026-04-29 22:50:00,2026-04-29 22:50:41,58995.0,59060.0,-65.0,SL到達,59005.0,58995.0,-10.0,-10.0
③,short,2026-04-29 22:45:01,2026-04-29 22:55:30,59040.0,59100.0,-60.0,SL到達,59045.0,59040.0,-5.0,-5.0
③,short,2026-04-29 22:40:00,2026-04-29 22:56:38,59075.0,59135.0,-60.0,SL到達,59080.0,59075.0,-5.0,-5.0
③,short,2026-04-29 22:55:00,2026-04-29 22:56:49,59090.0,59150.0,-60.0,SL到達,59090.0,59085.0,-5.0,0.0
③,short,2026-04-29 23:10:00,2026-04-29 23:12:27,59095.0,59155.0,-60.0,SL到達,59100.0,59090.0,-10.0,-5.0
③,short,2026-04-29 22:59:59,2026-04-29 23:12:34,59105.0,59165.0,-60.0,SL到達,59105.0,59100.0,-5.0,0.0
③,short,2026-04-29 23:05:00,2026-04-29 23:12:36,59110.0,59170.0,-60.0,SL到達,59110.0,59105.0,-5.0,0.0
③,short,2026-04-29 22:30:00,2026-04-29 23:18:16,59130.0,59190.0,-60.0,SL到達,59130.0,59125.0,-5.0,0.0
③,short,2026-04-29 22:25:00,2026-04-29 23:35:42,59160.0,59220.0,-60.0,SL到達,59160.0,59155.0,-5.0,0.0
③,short,2026-04-29 22:20:00,2026-04-29 23:35:45,59165.0,59225.0,-60.0,SL到達,59165.0,59160.0,-5.0,0.0
③,short,2026-04-30 05:20:00,2026-04-30 05:24:19,58715.0,58780.0,-65.0,SL到達,58720.0,58715.0,-5.0,-5.0
③,short,2026-04-30 12:20:01,2026-04-30 12:37:07,59150.0,59210.0,-60.0,SL到達,59150.0,59145.0,-5.0,0.0
③,short,2026-04-30 12:30:00,2026-04-30 12:37:07,59140.0,59210.0,-70.0,SL到達,59140.0,59135.0,-5.0,0.0
③,short,2026-04-30 12:35:00,2026-04-30 12:37:07,59150.0,59210.0,-60.0,SL到達,59150.0,59145.0,-5.0,0.0
③,short,2026-04-30 12:15:00,2026-04-30 12:37:12,59155.0,59215.0,-60.0,SL到達,59160.0,59155.0,-5.0,-5.0
③,short,2026-04-30 12:25:03,2026-04-30 12:38:06,59170.0,59230.0,-60.0,SL到達,59175.0,59170.0,-5.0,-5.0
③,short,2026-04-30 12:10:01,2026-04-30 12:38:43,59210.0,59270.0,-60.0,SL到達,59215.0,59205.0,-10.0,-5.0
③,short,2026-04-30 12:40:00,2026-04-30 12:42:06,59205.0,59265.0,-60.0,SL到達,59205.0,59200.0,-5.0,0.0
③,short,2026-04-30 12:05:00,2026-04-30 13:23:48,59280.0,59040.0,240.0,TP到達,59280.0,59275.0,-5.0,0.0
③,short,2026-04-30 12:45:00,2026-04-30 13:31:02,59270.0,59025.0,245.0,TP到達,59270.0,59265.0,-5.0,0.0
③,short,2026-04-30 12:50:00,2026-04-30 13:31:02,59270.0,59025.0,245.0,TP到達,59275.0,59270.0,-5.0,-5.0
③,short,2026-04-30 15:25:00,2026-04-30 15:25:49,59175.0,59235.0,-60.0,SL到達,59180.0,59175.0,-5.0,-5.0
③,short,2026-04-30 15:30:00,2026-04-30 15:30:20,59315.0,59375.0,-60.0,SL到達,59310.0,59305.0,-5.0,5.0
③,short,2026-04-30 19:10:00,2026-04-30 19:34:19,59355.0,59115.0,240.0,TP到達,59360.0,59350.0,-10.0,-5.0
③,short,2026-04-30 19:05:00,2026-04-30 19:37:02,59330.0,59085.0,245.0,TP到達,59335.0,59330.0,-5.0,-5.0
③,short,2026-04-30 19:15:00,2026-04-30 19:37:41,59310.0,59070.0,240.0,TP到達,59305.0,59300.0,-5.0,5.0
③,short,2026-04-30 19:20:01,2026-04-30 19:38:01,59305.0,59065.0,240.0,TP到達,59305.0,59300.0,-5.0,0.0
③,short,2026-04-30 19:45:00,2026-04-30 19:45:51,59050.0,59110.0,-60.0,SL到達,59050.0,59045.0,-5.0,0.0
③,short,2026-04-30 19:40:00,2026-04-30 19:46:37,59065.0,59130.0,-65.0,SL到達,59070.0,59065.0,-5.0,-5.0
③,short,2026-04-30 19:35:00,2026-04-30 19:51:43,59155.0,58915.0,240.0,TP到達,59155.0,59150.0,-5.0,0.0
③,short,2026-04-30 19:55:00,2026-04-30 19:56:20,58910.0,58970.0,-60.0,SL到達,58910.0,58900.0,-10.0,0.0
③,short,2026-04-30 20:00:00,2026-04-30 20:05:02,58980.0,59040.0,-60.0,SL到達,58980.0,58970.0,-10.0,0.0
③,short,2026-04-30 20:05:00,2026-04-30 20:08:39,59025.0,59085.0,-60.0,SL到達,59030.0,59025.0,-5.0,-5.0
③,short,2026-04-30 19:50:00,2026-04-30 20:09:02,59045.0,59105.0,-60.0,SL到達,59050.0,59040.0,-10.0,-5.0
③,short,2026-04-30 20:15:00,2026-04-30 20:18:31,59055.0,59115.0,-60.0,SL到達,59055.0,59050.0,-5.0,0.0
③,short,2026-04-30 20:10:00,2026-04-30 20:25:40,59125.0,59185.0,-60.0,SL到達,59130.0,59125.0,-5.0,-5.0
③,short,2026-04-30 20:20:00,2026-04-30 20:25:40,59125.0,59185.0,-60.0,SL到達,59125.0,59120.0,-5.0,0.0
③,short,2026-04-30 22:55:00,2026-04-30 22:59:10,59175.0,59235.0,-60.0,SL到達,59175.0,59170.0,-5.0,0.0
③,short,2026-04-30 22:50:00,2026-04-30 23:02:15,59210.0,59270.0,-60.0,SL到達,59215.0,59210.0,-5.0,-5.0
③,short,2026-04-30 23:00:01,2026-04-30 23:02:15,59205.0,59270.0,-65.0,SL到達,59210.0,59200.0,-10.0,-5.0
③,short,2026-04-30 22:45:00,2026-04-30 23:02:21,59225.0,59285.0,-60.0,SL到達,59225.0,59220.0,-5.0,0.0
③,short,2026-04-30 23:10:00,2026-04-30 23:13:34,59215.0,59280.0,-65.0,SL到達,59215.0,59210.0,-5.0,0.0
③,short,2026-04-30 23:05:00,2026-04-30 23:18:40,59260.0,59320.0,-60.0,SL到達,59260.0,59255.0,-5.0,0.0
③,short,2026-04-30 23:15:00,2026-04-30 23:19:01,59285.0,59345.0,-60.0,SL到達,59285.0,59280.0,-5.0,0.0
③,short,2026-05-01 22:20:01,2026-05-01 22:32:48,59185.0,59245.0,-60.0,SL到達,59190.0,59185.0,-5.0,-5.0
③,short,2026-05-01 22:15:02,2026-05-01 22:32:57,59195.0,59255.0,-60.0,SL到達,59200.0,59195.0,-5.0,-5.0
③,short,2026-05-01 22:25:00,2026-05-01 22:33:18,59205.0,59265.0,-60.0,SL到達,59210.0,59205.0,-5.0,-5.0
③,short,2026-05-01 22:10:00,2026-05-01 22:33:49,59215.0,59275.0,-60.0,SL到達,59220.0,59210.0,-10.0,-5.0
③,short,2026-05-07 15:20:00,2026-05-07 15:25:10,63015.0,63075.0,-60.0,SL到達,63015.0,63010.0,-5.0,0.0
③,short,2026-05-07 15:15:00,2026-05-07 15:25:27,63030.0,63090.0,-60.0,SL到達,63035.0,63030.0,-5.0,-5.0
③,short,2026-05-07 15:25:00,2026-05-07 15:25:28,63035.0,63095.0,-60.0,SL到達,63040.0,63035.0,-5.0,-5.0
③,short,2026-05-07 15:30:00,2026-05-07 15:31:26,63060.0,63120.0,-60.0,SL到達,63085.0,63080.0,-5.0,-25.0
③,short,2026-05-07 15:35:00,2026-05-07 17:00:01,63120.0,63350.0,-230.0,SL到達,63130.0,63120.0,-10.0,-10.0
③,short,2026-05-07 19:20:00,2026-05-07 19:22:14,62925.0,62985.0,-60.0,SL到達,62925.0,62920.0,-5.0,0.0
③,short,2026-05-07 19:35:00,2026-05-07 19:44:01,62895.0,62955.0,-60.0,SL到達,62900.0,62890.0,-10.0,-5.0
③,short,2026-05-07 19:25:00,2026-05-07 20:28:33,62975.0,62735.0,240.0,TP到達,62975.0,62970.0,-5.0,0.0
③,short,2026-05-07 19:15:00,2026-05-07 20:28:48,62970.0,62730.0,240.0,TP到達,62970.0,62965.0,-5.0,0.0
③,short,2026-05-07 19:45:00,2026-05-07 20:33:46,62955.0,62715.0,240.0,TP到達,62955.0,62950.0,-5.0,0.0
③,short,2026-05-07 20:35:00,2026-05-07 20:43:12,62735.0,62795.0,-60.0,SL到達,62735.0,62730.0,-5.0,0.0
③,short,2026-05-07 20:40:00,2026-05-07 20:43:14,62745.0,62805.0,-60.0,SL到達,62750.0,62745.0,-5.0,-5.0
③,short,2026-05-07 20:30:00,2026-05-07 20:43:18,62750.0,62810.0,-60.0,SL到達,62750.0,62745.0,-5.0,0.0
③,short,2026-05-07 20:50:00,2026-05-07 20:58:15,62735.0,62795.0,-60.0,SL到達,62735.0,62730.0,-5.0,0.0
③,short,2026-05-07 20:55:03,2026-05-07 21:10:06,62755.0,62815.0,-60.0,SL到達,62755.0,62750.0,-5.0,0.0
③,short,2026-05-07 20:45:00,2026-05-07 21:10:20,62770.0,62830.0,-60.0,SL到達,62775.0,62770.0,-5.0,-5.0
③,short,2026-05-07 21:00:00,2026-05-07 21:10:25,62775.0,62835.0,-60.0,SL到達,62780.0,62775.0,-5.0,-5.0
③,short,2026-05-07 20:15:00,2026-05-07 21:10:44,62785.0,62845.0,-60.0,SL到達,62790.0,62785.0,-5.0,-5.0
③,short,2026-05-07 20:20:00,2026-05-07 21:11:55,62795.0,62855.0,-60.0,SL到達,62795.0,62790.0,-5.0,0.0
③,short,2026-05-07 20:25:00,2026-05-07 21:11:58,62800.0,62860.0,-60.0,SL到達,62800.0,62795.0,-5.0,0.0
③,short,2026-05-07 20:10:00,2026-05-07 21:13:23,62810.0,62870.0,-60.0,SL到達,62810.0,62805.0,-5.0,0.0
③,short,2026-05-07 20:05:00,2026-05-07 21:21:25,62840.0,62905.0,-65.0,SL到達,62845.0,62840.0,-5.0,-5.0
③,short,2026-05-07 20:00:00,2026-05-07 21:39:00,62895.0,62955.0,-60.0,SL到達,62895.0,62890.0,-5.0,0.0
③,short,2026-05-07 19:30:00,2026-05-07 22:36:20,62935.0,62695.0,240.0,TP到達,62940.0,62935.0,-5.0,-5.0
③,short,2026-05-07 19:40:00,2026-05-07 22:36:27,62930.0,62690.0,240.0,TP到達,62930.0,62925.0,-5.0,0.0
③,short,2026-05-07 19:55:00,2026-05-07 22:38:44,62920.0,62680.0,240.0,TP到達,62925.0,62920.0,-5.0,-5.0
③,short,2026-05-07 19:50:02,2026-05-07 22:38:46,62915.0,62675.0,240.0,TP到達,62920.0,62915.0,-5.0,-5.0
③,short,2026-05-07 22:30:00,2026-05-07 22:43:05,62835.0,62595.0,240.0,TP到達,62840.0,62835.0,-5.0,-5.0
③,short,2026-05-07 22:35:00,2026-05-07 22:45:47,62780.0,62535.0,245.0,TP到達,62780.0,62775.0,-5.0,0.0
③,short,2026-05-07 22:50:01,2026-05-07 22:55:01,62560.0,62620.0,-60.0,SL到達,62560.0,62555.0,-5.0,0.0
③,short,2026-05-07 22:45:00,2026-05-07 22:55:08,62570.0,62630.0,-60.0,SL到達,62570.0,62565.0,-5.0,0.0
③,short,2026-05-07 23:00:00,2026-05-07 23:09:02,62555.0,62615.0,-60.0,SL到達,62560.0,62555.0,-5.0,-5.0
③,short,2026-05-07 23:05:01,2026-05-07 23:09:02,62555.0,62615.0,-60.0,SL到達,62560.0,62550.0,-10.0,-5.0
③,short,2026-05-07 23:10:00,2026-05-07 23:12:31,62600.0,62660.0,-60.0,SL到達,62605.0,62595.0,-10.0,-5.0
③,short,2026-05-07 22:55:00,2026-05-07 23:12:43,62605.0,62665.0,-60.0,SL到達,62610.0,62605.0,-5.0,-5.0
③,short,2026-05-07 23:20:00,2026-05-07 23:39:36,62570.0,62630.0,-60.0,SL到達,62575.0,62570.0,-5.0,-5.0
③,short,2026-05-07 23:30:00,2026-05-07 23:39:36,62570.0,62630.0,-60.0,SL到達,62575.0,62570.0,-5.0,-5.0
③,short,2026-05-07 23:25:00,2026-05-07 23:51:43,62600.0,62660.0,-60.0,SL到達,62600.0,62595.0,-5.0,0.0
③,short,2026-05-07 23:35:00,2026-05-07 23:51:46,62605.0,62665.0,-60.0,SL到達,62605.0,62600.0,-5.0,0.0
③,short,2026-05-07 23:15:00,2026-05-07 23:54:29,62625.0,62685.0,-60.0,SL到達,62630.0,62625.0,-5.0,-5.0
③,short,2026-05-07 22:40:00,2026-05-08 00:58:26,62690.0,62450.0,240.0,TP到達,62690.0,62685.0,-5.0,0.0
③,short,2026-05-08 08:50:00,2026-05-08 08:50:29,62180.0,62255.0,-75.0,SL到達,62190.0,62180.0,-10.0,-10.0
③,short,2026-05-08 12:10:00,2026-05-08 12:30:06,62315.0,62375.0,-60.0,SL到達,62320.0,62310.0,-10.0,-5.0
③,short,2026-05-08 12:05:00,2026-05-08 12:30:27,62325.0,62390.0,-65.0,SL到達,62325.0,62320.0,-5.0,0.0
①,long,2026-05-08 18:25:00,2026-05-08 18:31:49,63045.0,62985.0,-60.0,SL到達,63050.0,63040.0,-10.0,-5.0
①,long,2026-05-08 18:15:02,2026-05-08 18:32:27,63010.0,62950.0,-60.0,SL到達,63015.0,63010.0,-5.0,0.0
①,long,2026-05-08 18:20:00,2026-05-08 18:32:27,63010.0,62950.0,-60.0,SL到達,63010.0,63005.0,-5.0,-5.0
③,short,2026-05-08 19:55:04,2026-05-08 20:00:43,62780.0,62840.0,-60.0,SL到達,62785.0,62780.0,-5.0,-5.0
③,short,2026-05-08 19:50:00,2026-05-08 20:00:58,62785.0,62845.0,-60.0,SL到達,62790.0,62785.0,-5.0,-5.0
③,short,2026-05-08 20:00:00,2026-05-08 20:01:11,62800.0,62860.0,-60.0,SL到達,62800.0,62795.0,-5.0,0.0
③,short,2026-05-08 19:45:00,2026-05-08 20:04:33,62830.0,62890.0,-60.0,SL到達,62835.0,62830.0,-5.0,-5.0
③,short,2026-05-08 19:10:01,2026-05-08 20:04:39,62835.0,62905.0,-70.0,SL到達,62840.0,62835.0,-5.0,-5.0
③,short,2026-05-08 19:15:01,2026-05-08 20:04:39,62840.0,62905.0,-65.0,SL到達,62840.0,62835.0,-5.0,0.0
③,short,2026-05-08 19:20:00,2026-05-08 20:04:39,62840.0,62905.0,-65.0,SL到達,62845.0,62840.0,-5.0,-5.0
③,short,2026-05-08 19:25:01,2026-05-08 20:04:39,62840.0,62905.0,-65.0,SL到達,62845.0,62835.0,-10.0,-5.0
③,short,2026-05-08 19:30:01,2026-05-08 20:04:39,62845.0,62905.0,-60.0,SL到達,62850.0,62840.0,-10.0,-5.0
③,short,2026-05-08 19:05:00,2026-05-08 20:04:42,62850.0,62910.0,-60.0,SL到達,62850.0,62845.0,-5.0,0.0
③,short,2026-05-08 19:35:00,2026-05-08 20:04:52,62865.0,62925.0,-60.0,SL到達,62865.0,62860.0,-5.0,0.0
③,short,2026-05-08 19:40:00,2026-05-08 20:05:16,62875.0,62935.0,-60.0,SL到達,62880.0,62875.0,-5.0,-5.0
①,long,2026-05-08 20:15:00,2026-05-08 20:17:52,62890.0,62825.0,-65.0,SL到達,62895.0,62890.0,-5.0,0.0
③,short,2026-05-08 20:05:00,2026-05-08 21:29:57,62925.0,62995.0,-70.0,SL到達,62920.0,62915.0,-5.0,5.0
①,long,2026-05-08 20:20:01,2026-05-08 21:35:03,62820.0,63060.0,240.0,TP到達,62825.0,62815.0,-10.0,-5.0
①,long,2026-05-08 20:45:00,2026-05-08 21:35:32,62855.0,63095.0,240.0,TP到達,62860.0,62855.0,-5.0,0.0
①,long,2026-05-08 20:40:02,2026-05-08 21:36:13,62865.0,63105.0,240.0,TP到達,62870.0,62860.0,-10.0,-5.0
①,long,2026-05-08 21:45:00,2026-05-08 21:50:29,63070.0,63010.0,-60.0,SL到達,63075.0,63070.0,-5.0,0.0
①,long,2026-05-08 21:40:00,2026-05-08 21:50:31,63065.0,63005.0,-60.0,SL到達,63065.0,63060.0,-5.0,-5.0
①,long,2026-05-08 21:50:01,2026-05-08 21:58:53,63040.0,62980.0,-60.0,SL到達,63040.0,63035.0,-5.0,-5.0
①,long,2026-05-08 21:35:00,2026-05-08 21:59:25,63035.0,62950.0,-85.0,SL到達,63035.0,63030.0,-5.0,-5.0
①,long,2026-05-08 21:55:01,2026-05-08 21:59:25,63035.0,62950.0,-85.0,SL到達,63040.0,63030.0,-10.0,-5.0
①,long,2026-05-08 21:05:00,2026-05-08 22:32:13,62890.0,63130.0,240.0,TP到達,62895.0,62890.0,-5.0,0.0
①,long,2026-05-08 21:25:00,2026-05-08 22:32:23,62900.0,63145.0,245.0,TP到達,62905.0,62900.0,-5.0,0.0
①,long,2026-05-08 21:00:00,2026-05-08 22:32:31,62910.0,63150.0,240.0,TP到達,62915.0,62910.0,-5.0,0.0
①,long,2026-05-08 21:15:02,2026-05-08 22:32:31,62910.0,63150.0,240.0,TP到達,62910.0,62905.0,-5.0,-5.0
①,long,2026-05-08 21:10:08,2026-05-08 22:33:35,62925.0,63165.0,240.0,TP到達,62930.0,62925.0,-5.0,0.0
①,long,2026-05-08 21:20:01,2026-05-08 22:33:37,62935.0,63175.0,240.0,TP到達,62935.0,62930.0,-5.0,-5.0
①,long,2026-05-08 21:30:00,2026-05-08 22:35:22,62960.0,63200.0,240.0,TP到達,62995.0,62945.0,-50.0,-15.0
③,short,2026-05-08 23:55:00,2026-05-09 00:00:00,63235.0,63200.0,35.0,土曜強制決済,63235.0,63230.0,-5.0,0.0
③,short,2026-05-09 00:00:00,2026-05-09 00:35:09,63200.0,63260.0,-60.0,SL到達,63205.0,63200.0,-5.0,-5.0
①,long,2026-05-11 08:50:00,2026-05-11 08:51:31,63640.0,63580.0,-60.0,SL到達,63650.0,63640.0,-10.0,0.0
③,short,2026-05-11 15:15:00,2026-05-11 15:25:57,62465.0,62525.0,-60.0,SL到達,62465.0,62460.0,-5.0,0.0
③,short,2026-05-11 15:20:03,2026-05-11 15:25:58,62470.0,62530.0,-60.0,SL到達,62475.0,62465.0,-10.0,-5.0
③,short,2026-05-11 15:35:00,2026-05-11 15:36:10,62370.0,62430.0,-60.0,SL到達,62375.0,62370.0,-5.0,-5.0
③,short,2026-05-11 14:15:00,2026-05-11 17:00:01,62545.0,62665.0,-120.0,SL到達,62550.0,62540.0,-10.0,-5.0
③,short,2026-05-11 14:20:01,2026-05-11 17:00:01,62575.0,62665.0,-90.0,SL到達,62580.0,62575.0,-5.0,-5.0
③,short,2026-05-11 14:25:02,2026-05-11 17:00:01,62545.0,62665.0,-120.0,SL到達,62555.0,62545.0,-10.0,-10.0
③,short,2026-05-11 14:30:00,2026-05-11 17:00:01,62530.0,62665.0,-135.0,SL到達,62530.0,62525.0,-5.0,0.0
③,short,2026-05-11 14:35:00,2026-05-11 17:00:01,62575.0,62665.0,-90.0,SL到達,62575.0,62570.0,-5.0,0.0
③,short,2026-05-11 14:40:01,2026-05-11 17:00:01,62550.0,62665.0,-115.0,SL到達,62555.0,62550.0,-5.0,-5.0
③,short,2026-05-11 14:45:00,2026-05-11 17:00:01,62515.0,62665.0,-150.0,SL到達,62520.0,62515.0,-5.0,-5.0
③,short,2026-05-11 14:50:01,2026-05-11 17:00:01,62535.0,62665.0,-130.0,SL到達,62540.0,62530.0,-10.0,-5.0
③,short,2026-05-11 14:55:00,2026-05-11 17:00:01,62530.0,62665.0,-135.0,SL到達,62535.0,62525.0,-10.0,-5.0
③,short,2026-05-11 15:00:00,2026-05-11 17:00:01,62510.0,62665.0,-155.0,SL到達,62510.0,62505.0,-5.0,0.0
③,short,2026-05-11 15:05:00,2026-05-11 17:00:01,62530.0,62665.0,-135.0,SL到達,62525.0,62520.0,-5.0,5.0
③,short,2026-05-11 15:10:01,2026-05-11 17:00:01,62515.0,62665.0,-150.0,SL到達,62515.0,62510.0,-5.0,0.0
③,short,2026-05-11 15:25:00,2026-05-11 17:00:01,62500.0,62665.0,-165.0,SL到達,62505.0,62495.0,-10.0,-5.0
③,short,2026-05-11 15:30:00,2026-05-11 17:00:01,62525.0,62665.0,-140.0,SL到達,62520.0,62515.0,-5.0,5.0
③,short,2026-05-11 15:40:00,2026-05-11 17:00:01,62425.0,62665.0,-240.0,SL到達,62430.0,62420.0,-10.0,-5.0
③,short,2026-05-11 15:45:01,2026-05-11 17:00:01,62405.0,62665.0,-260.0,SL到達,62410.0,62400.0,-10.0,-5.0
①,long,2026-05-11 18:50:00,2026-05-11 18:58:29,62715.0,62650.0,-65.0,SL到達,62715.0,62710.0,-5.0,-5.0
①,long,2026-05-11 18:55:01,2026-05-11 18:59:59,62690.0,62630.0,-60.0,SL到達,62695.0,62685.0,-10.0,-5.0
①,long,2026-05-11 18:45:01,2026-05-11 19:00:00,62675.0,62615.0,-60.0,SL到達,62675.0,62670.0,-5.0,-5.0
①,long,2026-05-11 18:25:00,2026-05-11 19:05:28,62655.0,62590.0,-65.0,SL到達,62660.0,62655.0,-5.0,0.0
①,long,2026-05-11 18:40:07,2026-05-11 19:06:29,62640.0,62580.0,-60.0,SL到達,62645.0,62635.0,-10.0,-5.0
①,long,2026-05-11 18:30:01,2026-05-11 19:35:01,62635.0,62570.0,-65.0,SL到達,62645.0,62635.0,-10.0,0.0
①,long,2026-05-11 18:35:03,2026-05-11 19:35:01,62635.0,62570.0,-65.0,SL到達,62640.0,62630.0,-10.0,-5.0
①,long,2026-05-11 19:00:00,2026-05-11 19:37:55,62615.0,62555.0,-60.0,SL到達,62630.0,62625.0,-5.0,10.0
①,long,2026-05-11 18:20:01,2026-05-11 19:39:24,62605.0,62545.0,-60.0,SL到達,62610.0,62600.0,-10.0,-5.0
①,long,2026-05-11 18:15:03,2026-05-11 22:30:30,62560.0,62805.0,245.0,TP到達,62560.0,62550.0,-10.0,-10.0
①,long,2026-05-12 08:50:00,2026-05-12 08:51:25,62880.0,62815.0,-65.0,SL到達,62875.0,62865.0,-10.0,-15.0
①,long,2026-05-12 15:00:00,2026-05-12 15:00:22,62755.0,62695.0,-60.0,SL到達,62765.0,62755.0,-10.0,0.0
①,long,2026-05-12 15:15:00,2026-05-12 15:20:55,62840.0,62780.0,-60.0,SL到達,62840.0,62835.0,-5.0,-5.0
①,long,2026-05-12 15:20:00,2026-05-12 15:28:49,62810.0,62750.0,-60.0,SL到達,62815.0,62810.0,-5.0,0.0
①,long,2026-05-12 15:05:00,2026-05-12 15:28:54,62805.0,62745.0,-60.0,SL到達,62800.0,62795.0,-5.0,-10.0
①,long,2026-05-12 15:10:00,2026-05-12 15:29:21,62770.0,62710.0,-60.0,SL到達,62780.0,62775.0,-5.0,5.0
①,long,2026-05-12 15:25:00,2026-05-12 15:29:39,62760.0,62700.0,-60.0,SL到達,62760.0,62755.0,-5.0,-5.0
①,long,2026-05-12 18:00:00,2026-05-12 18:05:32,62690.0,62630.0,-60.0,SL到達,62690.0,62685.0,-5.0,-5.0
①,long,2026-05-12 18:05:00,2026-05-12 18:05:37,62680.0,62620.0,-60.0,SL到達,62680.0,62675.0,-5.0,-5.0
①,long,2026-05-12 18:50:01,2026-05-12 18:54:00,62665.0,62605.0,-60.0,SL到達,62665.0,62660.0,-5.0,-5.0
①,long,2026-05-12 18:45:00,2026-05-12 18:54:07,62660.0,62600.0,-60.0,SL到達,62665.0,62660.0,-5.0,0.0
①,long,2026-05-12 19:15:01,2026-05-12 19:26:00,62680.0,62620.0,-60.0,SL到達,62685.0,62675.0,-10.0,-5.0
①,long,2026-05-12 19:20:00,2026-05-12 19:42:05,62645.0,62585.0,-60.0,SL到達,62650.0,62645.0,-5.0,0.0
①,long,2026-05-12 18:10:00,2026-05-12 19:43:01,62620.0,62560.0,-60.0,SL到達,62625.0,62620.0,-5.0,0.0
①,long,2026-05-12 18:55:01,2026-05-12 19:43:22,62605.0,62545.0,-60.0,SL到達,62610.0,62605.0,-5.0,0.0
③,short,2026-05-12 19:55:02,2026-05-12 20:00:10,62515.0,62575.0,-60.0,SL到達,62520.0,62515.0,-5.0,-5.0
③,short,2026-05-12 20:05:00,2026-05-12 20:10:05,62495.0,62555.0,-60.0,SL到達,62495.0,62490.0,-5.0,0.0
③,short,2026-05-12 19:50:01,2026-05-12 20:10:15,62530.0,62590.0,-60.0,SL到達,62535.0,62530.0,-5.0,-5.0
③,short,2026-05-12 20:10:00,2026-05-12 20:10:15,62530.0,62590.0,-60.0,SL到達,62530.0,62525.0,-5.0,0.0
③,short,2026-05-12 20:00:00,2026-05-12 20:10:21,62545.0,62605.0,-60.0,SL到達,62545.0,62540.0,-5.0,0.0
③,short,2026-05-12 20:20:00,2026-05-12 20:30:12,62460.0,62525.0,-65.0,SL到達,62455.0,62450.0,-5.0,5.0
③,short,2026-05-12 20:15:01,2026-05-12 20:39:30,62470.0,62530.0,-60.0,SL到達,62475.0,62470.0,-5.0,-5.0
③,short,2026-05-12 20:25:01,2026-05-12 20:40:01,62480.0,62540.0,-60.0,SL到達,62480.0,62475.0,-5.0,0.0
①,long,2026-05-12 20:50:00,2026-05-12 20:57:26,62525.0,62465.0,-60.0,SL到達,62525.0,62515.0,-10.0,-10.0
①,long,2026-05-12 20:55:03,2026-05-12 21:03:00,62480.0,62420.0,-60.0,SL到達,62480.0,62475.0,-5.0,-5.0
③,short,2026-05-12 19:40:00,2026-05-12 21:06:58,62615.0,62370.0,245.0,TP到達,62620.0,62615.0,-5.0,-5.0
③,short,2026-05-12 21:00:00,2026-05-12 21:37:13,62455.0,62515.0,-60.0,SL到達,62460.0,62455.0,-5.0,-5.0
③,short,2026-05-12 20:35:00,2026-05-12 21:39:13,62500.0,62560.0,-60.0,SL到達,62500.0,62495.0,-5.0,0.0
③,short,2026-05-12 20:30:00,2026-05-12 21:39:21,62510.0,62575.0,-65.0,SL到達,62510.0,62505.0,-5.0,0.0
③,short,2026-05-12 20:40:01,2026-05-12 21:40:15,62540.0,62600.0,-60.0,SL到達,62540.0,62535.0,-5.0,0.0
③,short,2026-05-12 19:45:00,2026-05-12 21:51:37,62560.0,62625.0,-65.0,SL到達,62565.0,62560.0,-5.0,-5.0
①,long,2026-05-12 21:55:01,2026-05-12 22:04:14,62645.0,62580.0,-65.0,SL到達,62650.0,62640.0,-10.0,-5.0
①,long,2026-05-12 21:50:00,2026-05-12 22:15:19,62585.0,62525.0,-60.0,SL到達,62585.0,62580.0,-5.0,-5.0
①,long,2026-05-12 21:45:01,2026-05-12 22:17:47,62555.0,62495.0,-60.0,SL到達,62565.0,62560.0,-5.0,5.0
③,short,2026-05-12 23:00:00,2026-05-12 23:05:34,62360.0,62420.0,-60.0,SL到達,62360.0,62355.0,-5.0,0.0
③,short,2026-05-12 23:05:00,2026-05-12 23:09:44,62380.0,62440.0,-60.0,SL到達,62385.0,62380.0,-5.0,-5.0
③,short,2026-05-12 23:10:01,2026-05-12 23:13:30,62430.0,62490.0,-60.0,SL到達,62435.0,62430.0,-5.0,-5.0
③,short,2026-05-12 22:55:00,2026-05-12 23:30:29,62490.0,62250.0,240.0,TP到達,62495.0,62490.0,-5.0,-5.0
③,short,2026-05-12 23:15:00,2026-05-12 23:30:29,62490.0,62250.0,240.0,TP到達,62495.0,62490.0,-5.0,-5.0
③,short,2026-05-12 23:20:01,2026-05-12 23:31:04,62455.0,62215.0,240.0,TP到達,62455.0,62450.0,-5.0,0.0
③,short,2026-05-12 23:25:00,2026-05-12 23:32:48,62400.0,62155.0,245.0,TP到達,62405.0,62400.0,-5.0,-5.0
③,short,2026-05-12 23:30:00,2026-05-12 23:34:38,62315.0,62075.0,240.0,TP到達,62320.0,62315.0,-5.0,-5.0
③,short,2026-05-12 23:35:00,2026-05-12 23:37:22,62145.0,62205.0,-60.0,SL到達,62145.0,62140.0,-5.0,0.0
③,short,2026-05-12 23:40:00,2026-05-12 23:43:05,62245.0,62310.0,-65.0,SL到達,62250.0,62245.0,-5.0,-5.0
③,short,2026-05-12 23:45:00,2026-05-13 00:15:30,62235.0,61990.0,245.0,TP到達,62240.0,62235.0,-5.0,-5.0
③,short,2026-05-12 23:50:00,2026-05-13 00:23:40,62135.0,61895.0,240.0,TP到達,62140.0,62135.0,-5.0,-5.0
③,short,2026-05-12 23:55:00,2026-05-13 00:24:00,62115.0,61875.0,240.0,TP到達,62115.0,62110.0,-5.0,0.0
③,short,2026-05-13 08:46:33,2026-05-13 09:06:47,62440.0,62515.0,-75.0,SL到達,62445.0,62440.0,-5.0,-5.0
